/*
SQLyog Ultimate v12.09 (64 bit)
MySQL - 5.7.23-23 : Database - parolin_db
*********************************************************************
*/

/*!40101 SET NAMES utf8 */;

/*!40101 SET SQL_MODE=''*/;

/*!40014 SET @OLD_UNIQUE_CHECKS=@@UNIQUE_CHECKS, UNIQUE_CHECKS=0 */;
/*!40014 SET @OLD_FOREIGN_KEY_CHECKS=@@FOREIGN_KEY_CHECKS, FOREIGN_KEY_CHECKS=0 */;
/*!40101 SET @OLD_SQL_MODE=@@SQL_MODE, SQL_MODE='NO_AUTO_VALUE_ON_ZERO' */;
/*!40111 SET @OLD_SQL_NOTES=@@SQL_NOTES, SQL_NOTES=0 */;
CREATE DATABASE /*!32312 IF NOT EXISTS*/`parolin_db` /*!40100 DEFAULT CHARACTER SET utf8 COLLATE utf8_unicode_ci */;

USE `parolin_db`;

/*Table structure for table `m4j_blocks` */

DROP TABLE IF EXISTS `m4j_blocks`;

CREATE TABLE `m4j_blocks` (
  `id` int(11) NOT NULL AUTO_INCREMENT,
  `event_id` int(11) NOT NULL,
  `name` varchar(255) COLLATE utf8_unicode_ci NOT NULL,
  `sort_order` int(11) DEFAULT '0',
  `created_at` timestamp NOT NULL DEFAULT CURRENT_TIMESTAMP,
  PRIMARY KEY (`id`)
) ENGINE=InnoDB AUTO_INCREMENT=23 DEFAULT CHARSET=utf8 COLLATE=utf8_unicode_ci;

/*Data for the table `m4j_blocks` */

insert  into `m4j_blocks`(`id`,`event_id`,`name`,`sort_order`,`created_at`) values (14,2,'Set 3 - Maiden Vancouver',3,'2026-03-18 02:16:33'),(15,2,'Set 8 - 73 Challenger',8,'2026-03-18 02:16:33'),(16,2,'Set 9 - Chaos BC',9,'2026-03-18 02:16:33'),(17,2,'Set 7 - Master of Justice',7,'2026-03-18 02:16:33'),(18,2,'Set 5 - Marley',5,'2026-03-18 02:16:33'),(19,2,'Set 1 - Chaos BC',1,'2026-03-18 02:18:49'),(20,2,'Set 2 - Master of Justice',2,'2026-03-18 02:22:36'),(21,2,'Set 4 - 73 Challenger',4,'2026-03-18 02:38:47'),(22,2,'Set 6 - Chaos BC',6,'2026-03-18 02:42:27');

/*Table structure for table `m4j_cover_bands` */

DROP TABLE IF EXISTS `m4j_cover_bands`;

CREATE TABLE `m4j_cover_bands` (
  `id` int(11) NOT NULL AUTO_INCREMENT,
  `band_name` varchar(255) COLLATE utf8mb4_unicode_ci NOT NULL,
  `musician_id` int(11) NOT NULL,
  `role` varchar(50) COLLATE utf8mb4_unicode_ci NOT NULL,
  PRIMARY KEY (`id`),
  KEY `musician_id` (`musician_id`),
  CONSTRAINT `m4j_cover_bands_ibfk_1` FOREIGN KEY (`musician_id`) REFERENCES `m4j_musicians` (`id`) ON DELETE CASCADE
) ENGINE=InnoDB AUTO_INCREMENT=20 DEFAULT CHARSET=utf8mb4 COLLATE=utf8mb4_unicode_ci;

/*Data for the table `m4j_cover_bands` */

insert  into `m4j_cover_bands`(`id`,`band_name`,`musician_id`,`role`) values (1,'Master of Justice',6,'vocals'),(2,'Master of Justice',6,'rhythm_guitar'),(3,'Master of Justice',1,'bass'),(4,'Master of Justice',9,'drums'),(5,'Chaos BC',17,'lead_guitar'),(6,'Chaos BC',3,'vocals'),(7,'Chaos BC',3,'rhythm_guitar'),(8,'Chaos BC',2,'drums'),(9,'Chaos BC',16,'bass'),(10,'73 Challenger',10,'bass'),(11,'73 Challenger',11,'drums'),(12,'73 Challenger',5,'lead_guitar'),(13,'73 Challenger',4,'vocals'),(14,'Maiden Vancouver',4,'drums'),(15,'Maiden Vancouver',1,'bass'),(16,'Maiden Vancouver',13,'vocals'),(17,'Maiden Vancouver',7,'lead_guitar'),(18,'Maiden Vancouver',5,'rhythm_guitar'),(19,'Master of Justice',18,'lead_guitar');

/*Table structure for table `m4j_events` */

DROP TABLE IF EXISTS `m4j_events`;

CREATE TABLE `m4j_events` (
  `id` int(11) NOT NULL AUTO_INCREMENT,
  `name` varchar(255) NOT NULL,
  `date` varchar(255) DEFAULT NULL,
  `slug` varchar(255) DEFAULT NULL,
  `created_at` timestamp NOT NULL DEFAULT CURRENT_TIMESTAMP,
  PRIMARY KEY (`id`),
  UNIQUE KEY `slug_index` (`slug`)
) ENGINE=InnoDB AUTO_INCREMENT=3 DEFAULT CHARSET=utf8mb4;

/*Data for the table `m4j_events` */

insert  into `m4j_events`(`id`,`name`,`date`,`slug`,`created_at`) values (2,'Gus & Gardy Farewell','2026-03-20','4c0bef83','2026-03-13 19:49:50');

/*Table structure for table `m4j_lineups` */

DROP TABLE IF EXISTS `m4j_lineups`;

CREATE TABLE `m4j_lineups` (
  `song_id` int(11) NOT NULL,
  `vocals_id` int(11) DEFAULT NULL,
  `rhythm_guitar_id` int(11) DEFAULT NULL,
  `lead_guitar_id` int(11) DEFAULT NULL,
  `bass_id` int(11) DEFAULT NULL,
  `drums_id` int(11) DEFAULT NULL,
  `extra_vocals_id` int(11) DEFAULT NULL,
  `extra_guitar_id` int(11) DEFAULT NULL,
  `extra_bass_id` int(11) DEFAULT NULL,
  PRIMARY KEY (`song_id`),
  KEY `vocals_id` (`vocals_id`),
  KEY `rhythm_guitar_id` (`rhythm_guitar_id`),
  KEY `lead_guitar_id` (`lead_guitar_id`),
  KEY `bass_id` (`bass_id`),
  KEY `drums_id` (`drums_id`),
  KEY `fk_extra_vocals` (`extra_vocals_id`),
  KEY `fk_extra_guitar` (`extra_guitar_id`),
  KEY `fk_extra_bass` (`extra_bass_id`),
  CONSTRAINT `fk_extra_bass` FOREIGN KEY (`extra_bass_id`) REFERENCES `m4j_musicians` (`id`) ON DELETE SET NULL,
  CONSTRAINT `fk_extra_guitar` FOREIGN KEY (`extra_guitar_id`) REFERENCES `m4j_musicians` (`id`) ON DELETE SET NULL,
  CONSTRAINT `fk_extra_vocals` FOREIGN KEY (`extra_vocals_id`) REFERENCES `m4j_musicians` (`id`) ON DELETE SET NULL,
  CONSTRAINT `m4j_lineups_ibfk_1` FOREIGN KEY (`song_id`) REFERENCES `m4j_songs` (`id`) ON DELETE CASCADE,
  CONSTRAINT `m4j_lineups_ibfk_2` FOREIGN KEY (`vocals_id`) REFERENCES `m4j_musicians` (`id`) ON DELETE SET NULL,
  CONSTRAINT `m4j_lineups_ibfk_3` FOREIGN KEY (`rhythm_guitar_id`) REFERENCES `m4j_musicians` (`id`) ON DELETE SET NULL,
  CONSTRAINT `m4j_lineups_ibfk_4` FOREIGN KEY (`lead_guitar_id`) REFERENCES `m4j_musicians` (`id`) ON DELETE SET NULL,
  CONSTRAINT `m4j_lineups_ibfk_5` FOREIGN KEY (`bass_id`) REFERENCES `m4j_musicians` (`id`) ON DELETE SET NULL,
  CONSTRAINT `m4j_lineups_ibfk_6` FOREIGN KEY (`drums_id`) REFERENCES `m4j_musicians` (`id`) ON DELETE SET NULL
) ENGINE=InnoDB DEFAULT CHARSET=utf8mb4;

/*Data for the table `m4j_lineups` */

insert  into `m4j_lineups`(`song_id`,`vocals_id`,`rhythm_guitar_id`,`lead_guitar_id`,`bass_id`,`drums_id`,`extra_vocals_id`,`extra_guitar_id`,`extra_bass_id`) values (1,NULL,7,17,16,4,13,NULL,NULL),(2,4,7,7,16,4,NULL,NULL,NULL),(4,13,14,5,10,11,NULL,NULL,NULL),(5,3,7,5,10,2,4,NULL,NULL),(19,13,NULL,NULL,NULL,NULL,NULL,NULL,NULL),(20,13,7,5,1,4,NULL,NULL,NULL),(21,13,7,5,8,2,NULL,NULL,NULL),(22,13,7,5,1,2,NULL,NULL,NULL),(23,13,8,7,1,4,NULL,8,NULL),(26,13,NULL,NULL,NULL,NULL,NULL,NULL,NULL),(27,13,NULL,NULL,NULL,NULL,NULL,NULL,NULL),(28,13,7,8,1,2,NULL,NULL,NULL),(30,13,NULL,NULL,NULL,NULL,NULL,NULL,NULL),(35,13,7,5,1,4,NULL,NULL,NULL),(37,13,7,5,1,4,NULL,NULL,NULL),(38,13,17,7,1,2,NULL,NULL,NULL),(40,13,NULL,8,1,9,14,NULL,NULL),(43,4,7,8,1,16,NULL,NULL,NULL),(49,13,7,7,1,NULL,NULL,NULL,NULL),(57,4,3,NULL,1,2,3,NULL,NULL),(60,6,3,14,1,9,NULL,NULL,NULL),(61,13,6,5,10,9,NULL,18,NULL),(62,13,3,5,10,2,3,17,NULL),(64,10,6,5,10,9,NULL,NULL,NULL),(66,12,6,14,1,9,6,NULL,NULL),(68,4,6,NULL,1,11,NULL,NULL,NULL),(70,4,3,5,10,2,10,NULL,NULL),(71,6,6,NULL,1,9,NULL,18,NULL),(74,13,6,NULL,1,4,6,18,NULL),(77,4,17,3,10,2,NULL,NULL,NULL),(78,3,6,NULL,1,2,NULL,3,NULL),(79,3,14,7,1,9,NULL,NULL,NULL),(80,13,3,5,10,2,NULL,14,NULL),(81,10,NULL,5,10,11,NULL,14,NULL),(82,13,7,14,1,2,NULL,NULL,NULL),(92,NULL,NULL,5,10,11,NULL,NULL,NULL),(95,NULL,3,NULL,16,2,NULL,NULL,NULL),(96,NULL,7,5,10,11,NULL,NULL,NULL),(97,NULL,16,NULL,16,2,NULL,NULL,NULL),(99,3,3,17,16,2,NULL,NULL,NULL),(102,10,3,5,16,2,NULL,17,NULL),(104,3,17,3,1,2,NULL,NULL,NULL),(105,3,3,17,16,2,NULL,NULL,NULL),(112,3,3,17,16,2,NULL,NULL,NULL),(113,10,3,NULL,10,2,NULL,NULL,NULL),(114,3,3,17,16,2,NULL,NULL,NULL),(115,3,17,3,16,2,NULL,NULL,NULL),(117,10,NULL,5,10,NULL,NULL,NULL,NULL),(124,12,3,3,NULL,9,NULL,NULL,NULL),(125,12,NULL,NULL,10,9,NULL,NULL,NULL),(130,4,16,5,10,9,NULL,NULL,NULL),(131,4,NULL,5,10,2,NULL,17,NULL),(132,4,NULL,5,10,9,NULL,NULL,NULL),(134,13,7,7,1,11,NULL,NULL,NULL),(136,4,NULL,5,10,11,NULL,NULL,NULL),(138,13,NULL,14,10,9,NULL,5,NULL),(139,12,6,17,1,9,6,3,NULL),(140,12,5,17,10,11,13,NULL,NULL),(141,10,NULL,5,10,11,NULL,NULL,NULL),(144,4,NULL,14,16,11,NULL,NULL,NULL);

/*Table structure for table `m4j_musicians` */

DROP TABLE IF EXISTS `m4j_musicians`;

CREATE TABLE `m4j_musicians` (
  `id` int(11) NOT NULL AUTO_INCREMENT,
  `name` varchar(255) NOT NULL,
  `token` varchar(255) NOT NULL,
  PRIMARY KEY (`id`),
  UNIQUE KEY `token` (`token`)
) ENGINE=InnoDB AUTO_INCREMENT=19 DEFAULT CHARSET=utf8mb4;

/*Data for the table `m4j_musicians` */

insert  into `m4j_musicians`(`id`,`name`,`token`) values (1,'Gus','kqhkbvawx7cvyixqdyvqm'),(2,'Hugo','m35q6yjiqdatse742olbhk'),(3,'Tomas Rak','5jga2saa1yi6n9cjg3olp6'),(4,'Chris Drieschner','04doo3gyw2qi3ilx6hklrrv'),(5,'Carl Jackson','t10z1s2rwibn5eu6u4dwk'),(6,'John Hetfield','8d5vpi8449f8wpr5vxcp52'),(7,'Scott','odzdzsjff5ify86rvcfo3f'),(8,'Rob Bretti','uv0ojmq60d4y6zk0yucil'),(9,'Patrick Ulrich','fzznvhn7abdkzz48igfove'),(10,'73 Rob','swkr0elmzbxl703s7q2p8'),(11,'Brett Drury','337rnf58sbl9qleoj8jghl'),(12,'Naomi','o7jm37tormwen0yndns4b'),(13,'Kelly','ttzx5cduljxdswygpwril'),(14,'Injae Sol','u0ngnzlnyog3znt7w64c47'),(15,'Fil','5dys3xvvpg3uawt4ljl5jo'),(16,'Marley','mal6nn09vd5h39zg527'),(17,'Dandreas','4zsxs3swl9rjvkug6qoo5'),(18,'Grant','uoygzffc4ksa2ydy21qtvu');

/*Table structure for table `m4j_selections` */

DROP TABLE IF EXISTS `m4j_selections`;

CREATE TABLE `m4j_selections` (
  `song_id` int(11) NOT NULL,
  `musician_id` int(11) NOT NULL,
  `role` varchar(50) NOT NULL,
  PRIMARY KEY (`song_id`,`musician_id`,`role`),
  KEY `musician_id` (`musician_id`),
  CONSTRAINT `m4j_selections_ibfk_1` FOREIGN KEY (`song_id`) REFERENCES `m4j_songs` (`id`) ON DELETE CASCADE,
  CONSTRAINT `m4j_selections_ibfk_2` FOREIGN KEY (`musician_id`) REFERENCES `m4j_musicians` (`id`) ON DELETE CASCADE
) ENGINE=InnoDB DEFAULT CHARSET=utf8mb4;

/*Data for the table `m4j_selections` */

insert  into `m4j_selections`(`song_id`,`musician_id`,`role`) values (5,1,'bass'),(19,1,'bass'),(20,1,'bass'),(21,1,'bass'),(22,1,'bass'),(23,1,'bass'),(26,1,'bass'),(27,1,'bass'),(28,1,'bass'),(30,1,'bass'),(35,1,'bass'),(37,1,'bass'),(38,1,'bass'),(40,1,'bass'),(43,1,'bass'),(49,1,'bass'),(57,1,'bass'),(60,1,'bass'),(61,1,'bass'),(62,1,'bass'),(64,1,'bass'),(66,1,'bass'),(68,1,'bass'),(70,1,'bass'),(71,1,'bass'),(74,1,'bass'),(77,1,'bass'),(78,1,'bass'),(79,1,'bass'),(80,1,'bass'),(82,1,'bass'),(99,1,'bass'),(104,1,'bass'),(134,1,'bass'),(139,1,'bass'),(5,2,'drums'),(21,2,'drums'),(22,2,'drums'),(28,2,'drums'),(38,2,'drums'),(57,2,'drums'),(62,2,'drums'),(70,2,'drums'),(77,2,'drums'),(78,2,'drums'),(79,2,'drums'),(80,2,'drums'),(82,2,'drums'),(95,2,'drums'),(96,2,'drums'),(97,2,'drums'),(99,2,'drums'),(102,2,'drums'),(104,2,'drums'),(105,2,'drums'),(112,2,'drums'),(113,2,'drums'),(114,2,'drums'),(115,2,'drums'),(124,2,'drums'),(125,2,'drums'),(130,2,'drums'),(131,2,'drums'),(4,3,'rhythm_guitar'),(4,3,'vocals'),(5,3,'rhythm_guitar'),(5,3,'vocals'),(57,3,'rhythm_guitar'),(57,3,'vocals'),(60,3,'rhythm_guitar'),(62,3,'rhythm_guitar'),(62,3,'vocals'),(70,3,'rhythm_guitar'),(70,3,'vocals'),(77,3,'lead_guitar'),(78,3,'rhythm_guitar'),(78,3,'vocals'),(79,3,'lead_guitar'),(79,3,'vocals'),(80,3,'lead_guitar'),(80,3,'rhythm_guitar'),(95,3,'rhythm_guitar'),(99,3,'rhythm_guitar'),(99,3,'vocals'),(102,3,'rhythm_guitar'),(104,3,'lead_guitar'),(104,3,'rhythm_guitar'),(104,3,'vocals'),(105,3,'rhythm_guitar'),(105,3,'vocals'),(112,3,'rhythm_guitar'),(112,3,'vocals'),(113,3,'rhythm_guitar'),(114,3,'rhythm_guitar'),(114,3,'vocals'),(115,3,'lead_guitar'),(115,3,'rhythm_guitar'),(115,3,'vocals'),(124,3,'lead_guitar'),(124,3,'rhythm_guitar'),(139,3,'rhythm_guitar'),(1,4,'drums'),(2,4,'drums'),(2,4,'vocals'),(5,4,'vocals'),(20,4,'drums'),(21,4,'drums'),(23,4,'drums'),(35,4,'drums'),(37,4,'drums'),(43,4,'vocals'),(57,4,'vocals'),(68,4,'vocals'),(70,4,'vocals'),(74,4,'drums'),(77,4,'vocals'),(92,4,'vocals'),(96,4,'vocals'),(130,4,'vocals'),(131,4,'vocals'),(132,4,'vocals'),(136,4,'vocals'),(144,4,'vocals'),(4,5,'lead_guitar'),(5,5,'lead_guitar'),(19,5,'lead_guitar'),(20,5,'lead_guitar'),(20,5,'rhythm_guitar'),(21,5,'lead_guitar'),(21,5,'rhythm_guitar'),(22,5,'lead_guitar'),(23,5,'lead_guitar'),(26,5,'lead_guitar'),(27,5,'lead_guitar'),(28,5,'lead_guitar'),(30,5,'lead_guitar'),(35,5,'lead_guitar'),(37,5,'lead_guitar'),(61,5,'lead_guitar'),(62,5,'lead_guitar'),(64,5,'lead_guitar'),(70,5,'lead_guitar'),(80,5,'lead_guitar'),(81,5,'lead_guitar'),(92,5,'lead_guitar'),(96,5,'lead_guitar'),(102,5,'lead_guitar'),(113,5,'lead_guitar'),(117,5,'lead_guitar'),(130,5,'lead_guitar'),(131,5,'lead_guitar'),(132,5,'lead_guitar'),(136,5,'lead_guitar'),(138,5,'lead_guitar'),(140,5,'rhythm_guitar'),(141,5,'lead_guitar'),(60,6,'rhythm_guitar'),(60,6,'vocals'),(64,6,'rhythm_guitar'),(64,6,'vocals'),(66,6,'rhythm_guitar'),(66,6,'vocals'),(68,6,'rhythm_guitar'),(68,6,'vocals'),(71,6,'rhythm_guitar'),(71,6,'vocals'),(74,6,'rhythm_guitar'),(74,6,'vocals'),(78,6,'rhythm_guitar'),(78,6,'vocals'),(139,6,'rhythm_guitar'),(139,6,'vocals'),(1,7,'lead_guitar'),(1,7,'rhythm_guitar'),(2,7,'lead_guitar'),(2,7,'rhythm_guitar'),(5,7,'lead_guitar'),(5,7,'rhythm_guitar'),(19,7,'lead_guitar'),(19,7,'rhythm_guitar'),(20,7,'lead_guitar'),(20,7,'rhythm_guitar'),(21,7,'lead_guitar'),(21,7,'rhythm_guitar'),(22,7,'lead_guitar'),(22,7,'rhythm_guitar'),(23,7,'lead_guitar'),(23,7,'rhythm_guitar'),(26,7,'lead_guitar'),(26,7,'rhythm_guitar'),(27,7,'lead_guitar'),(27,7,'rhythm_guitar'),(28,7,'lead_guitar'),(28,7,'rhythm_guitar'),(30,7,'lead_guitar'),(30,7,'rhythm_guitar'),(35,7,'lead_guitar'),(35,7,'rhythm_guitar'),(37,7,'lead_guitar'),(37,7,'rhythm_guitar'),(38,7,'lead_guitar'),(38,7,'rhythm_guitar'),(43,7,'lead_guitar'),(43,7,'rhythm_guitar'),(49,7,'lead_guitar'),(49,7,'rhythm_guitar'),(62,7,'lead_guitar'),(62,7,'rhythm_guitar'),(79,7,'lead_guitar'),(79,7,'rhythm_guitar'),(82,7,'rhythm_guitar'),(96,7,'rhythm_guitar'),(134,7,'lead_guitar'),(134,7,'rhythm_guitar'),(19,8,'bass'),(19,8,'lead_guitar'),(19,8,'rhythm_guitar'),(21,8,'bass'),(23,8,'rhythm_guitar'),(26,8,'bass'),(26,8,'lead_guitar'),(26,8,'rhythm_guitar'),(27,8,'bass'),(27,8,'lead_guitar'),(27,8,'rhythm_guitar'),(28,8,'lead_guitar'),(30,8,'bass'),(30,8,'lead_guitar'),(30,8,'rhythm_guitar'),(35,8,'bass'),(40,8,'lead_guitar'),(43,8,'lead_guitar'),(1,9,'drums'),(2,9,'drums'),(38,9,'drums'),(40,9,'drums'),(57,9,'drums'),(60,9,'drums'),(61,9,'drums'),(62,9,'drums'),(64,9,'drums'),(66,9,'drums'),(68,9,'drums'),(70,9,'drums'),(71,9,'drums'),(74,9,'drums'),(78,9,'drums'),(79,9,'drums'),(92,9,'drums'),(124,9,'drums'),(125,9,'drums'),(130,9,'drums'),(132,9,'drums'),(138,9,'drums'),(139,9,'drums'),(4,10,'bass'),(5,10,'bass'),(5,10,'vocals'),(61,10,'bass'),(62,10,'bass'),(62,10,'vocals'),(64,10,'bass'),(64,10,'vocals'),(70,10,'bass'),(70,10,'vocals'),(77,10,'bass'),(80,10,'bass'),(81,10,'bass'),(81,10,'vocals'),(92,10,'bass'),(96,10,'bass'),(96,10,'vocals'),(99,10,'bass'),(102,10,'bass'),(102,10,'vocals'),(104,10,'bass'),(113,10,'bass'),(113,10,'vocals'),(117,10,'bass'),(117,10,'vocals'),(124,10,'bass'),(125,10,'bass'),(130,10,'bass'),(131,10,'bass'),(132,10,'bass'),(136,10,'bass'),(138,10,'bass'),(140,10,'bass'),(141,10,'bass'),(141,10,'vocals'),(4,11,'drums'),(5,11,'drums'),(68,11,'drums'),(81,11,'drums'),(92,11,'drums'),(96,11,'drums'),(132,11,'drums'),(134,11,'drums'),(136,11,'drums'),(140,11,'drums'),(141,11,'drums'),(144,11,'drums'),(66,12,'vocals'),(124,12,'vocals'),(125,12,'vocals'),(139,12,'vocals'),(140,12,'vocals'),(4,13,'vocals'),(5,13,'vocals'),(19,13,'vocals'),(20,13,'vocals'),(21,13,'vocals'),(22,13,'vocals'),(23,13,'vocals'),(26,13,'vocals'),(27,13,'vocals'),(28,13,'vocals'),(30,13,'vocals'),(35,13,'vocals'),(37,13,'vocals'),(38,13,'vocals'),(40,13,'vocals'),(43,13,'vocals'),(49,13,'vocals'),(57,13,'vocals'),(61,13,'vocals'),(62,13,'vocals'),(74,13,'vocals'),(77,13,'vocals'),(80,13,'vocals'),(81,13,'vocals'),(82,13,'vocals'),(134,13,'vocals'),(138,13,'vocals'),(140,13,'vocals'),(141,13,'vocals'),(4,14,'rhythm_guitar'),(22,14,'lead_guitar'),(35,14,'lead_guitar'),(38,14,'lead_guitar'),(40,14,'lead_guitar'),(43,14,'lead_guitar'),(60,14,'lead_guitar'),(66,14,'lead_guitar'),(79,14,'rhythm_guitar'),(80,14,'lead_guitar'),(81,14,'lead_guitar'),(138,14,'lead_guitar'),(144,14,'lead_guitar'),(1,16,'bass'),(2,16,'bass'),(43,16,'drums'),(95,16,'bass'),(97,16,'bass'),(97,16,'rhythm_guitar'),(99,16,'bass'),(99,16,'rhythm_guitar'),(102,16,'bass'),(104,16,'bass'),(105,16,'bass'),(112,16,'bass'),(113,16,'bass'),(114,16,'bass'),(115,16,'bass'),(130,16,'rhythm_guitar'),(132,16,'bass'),(144,16,'bass'),(144,16,'drums'),(1,17,'lead_guitar'),(38,17,'rhythm_guitar'),(62,17,'rhythm_guitar'),(77,17,'rhythm_guitar'),(80,17,'lead_guitar'),(99,17,'lead_guitar'),(102,17,'lead_guitar'),(104,17,'rhythm_guitar'),(105,17,'lead_guitar'),(112,17,'lead_guitar'),(113,17,'lead_guitar'),(114,17,'lead_guitar'),(115,17,'rhythm_guitar'),(131,17,'lead_guitar'),(139,17,'lead_guitar'),(140,17,'lead_guitar');

/*Table structure for table `m4j_songs` */

DROP TABLE IF EXISTS `m4j_songs`;

CREATE TABLE `m4j_songs` (
  `id` int(11) NOT NULL AUTO_INCREMENT,
  `event_id` int(11) NOT NULL,
  `title` varchar(255) NOT NULL,
  `artist` varchar(255) NOT NULL,
  `genre` varchar(255) DEFAULT NULL,
  `lyrics` text,
  `block_id` int(11) DEFAULT NULL,
  `sort_order` int(11) DEFAULT '0',
  PRIMARY KEY (`id`),
  KEY `event_id` (`event_id`),
  CONSTRAINT `m4j_songs_ibfk_1` FOREIGN KEY (`event_id`) REFERENCES `m4j_events` (`id`) ON DELETE CASCADE
) ENGINE=InnoDB AUTO_INCREMENT=148 DEFAULT CHARSET=utf8mb4;

/*Data for the table `m4j_songs` */

insert  into `m4j_songs`(`id`,`event_id`,`title`,`artist`,`genre`,`lyrics`,`block_id`,`sort_order`) values (1,2,'Back in Black','AC/DC','Hard Rock','Back in black, I hit the sack\nI\'ve been too long, I\'m glad to be back\nYes, I\'m let loose from the noose\nThat\'s kept me hanging about\n\nI\'m just looking at the sky \'cause it\'s getting me high\nForget the hearse, \'cause I\'ll never die\nI got nine lives, cat\'s eyes\nAbusing every one of them and running wild\n\n\'Cause I\'m back, yes I\'m back\nWell, I\'m back, yes I\'m back\nWell, I\'m back, back\n\nWell, I\'m back in black\nYes, I\'m back in black, oh\n\nBack in the back of a Cadillac\nNumber one with a bullet, I\'m a power pack\nYes, I\'m in a bang with a gang\nThey\'ve got to catch me if they want me to hang\n\n\'Cause I\'m back on the track and I\'m beatin\' the flack\nNobody\'s gonna get me on another rap\nSo look at me now, I\'m just making my play\nDon\'t try to push your luck, just get out of my way\n\n\'Cause I\'m back, yes I\'m back\n\nWell, I\'m back, yes I\'m back\nWell, I\'m back, back\nWell, I\'m back in black\nYes, I\'m back in black\n\nWell, I\'m back, yes I\'m back\nWell, I\'m back, yes I\'m back\nWell, I\'m back, back\nWell, I\'m back in black\nYes, I\'m back in black, aw!\n\nAh, yeah\nOh, yeah\nTake my love\nYeah-yeah\nYeah\nOh, hey yeah\nOoh, yeah\n\nWell, I\'m back (I\'m back)\nBack, well I\'m (I\'m back)\nBack (I\'m back)\nBack (I\'m back)\nBack (I\'m back)\nBack, back in black\nYes, I\'m back in black\n\nI\'ve hit the sack',14,23),(2,2,'Highway to Hell','AC/DC','Hard Rock','Livin\' easy, lovin\' free\nSeason ticket on a one-way ride\nAskin\' nothin\', leave me be\nTakin\' everything in my stride\n\nDon\'t need reason, don\'t need rhyme\nAin\'t nothin\' I\'d rather do\nGoin\' down, party time\nMy friends are gonna be there too, yeah\n\nI\'m on the highway to hell\nOn the highway to hell\nHighway to hell\nI\'m on the highway to hell\n\nNo stop signs, speed limit\nNobody\'s gonna slow me down\nLike a wheel, gonna spin it\nNobody\'s gonna mess me around\n\nHey Satan, payin\' my dues\nPlayin\' in a rocking band\nHey momma, look at me\nI\'m on my way to the Promised Land, ow\n\nI\'m on the highway to hell\nHighway to hell\nI\'m on the highway to hell\nHighway to hell\nMmm, don\'t stop me\nEhh, ehh, oww\n\nI\'m on the highway to hell\nOn the highway to hell\nI\'m on the highway to hell\nOn the highway to\nHell\nHighway to hell (I\'m on the highway to hell)\nHighway to hell (highway to hell)\nHighway to hell (I\'m on the highway to hell)\nHighway to hell\n\nAnd I\'m goin\' down\nAll the way, wow\n\nOn the highway to hell\n',14,24),(4,2,'Paranoid','Black Sabbath','Heavy Metal','Finished with my woman\n\'Cause she couldn\'t help me with my mind\nPeople think I\'m insane\nBecause I am frowning all the time (come on out)\n\nAll day long I think of things\nBut nothing seems to satisfy\nThink I\'ll lose my mind\nIf I don\'t find something to pacify\n\nCan you help me?\nOccupy my brain\nOh, yeah (let me see your hands)\n\nI need someone to show me\nThe things in life that I can\'t find\nI can\'t see the things that make true happiness\nI must be blind\n\nAlright, let me hear you, come on\nAlright, show it then, come on\nLouder, come on\nYou ain\'t fucking loud enough, come on\nCome on\nNow I\'ve heard\n\nLouder, come on, put your fucking balls into it\n\nAlright\n\nMake a joke and I will sigh\nAnd you will laugh and I will cry\nHappiness I cannot feel\nAnd love to me is so unreal\n\nAnd so as you hear these words\nTelling you now of my state\nI tell you to enjoy life\nI wish I could, but it\'s too late\n\nThank you, good night\nYou are the fuckin\' coolest, man\nI love you all\nWe love you, good night, God bless you',15,51),(5,2,'War Pigs','Black Sabbath','Heavy Metal','Generals gathered in their masses\nJust like witches at black masses\nEvil minds that plot destruction\nSorcerer of death\'s construction\n\nIn the fields, the bodies burning\nAs the war machine keeps turning\nDeath and hatred to mankind\nPoisoning their brainwashed minds\nOh lord, yeah!\n\nPoliticians hide themselves away\nThey only started the war\nWhy should they go out to fight?\nThey leave that role to the poor, yeah\n\nTime will tell on their power minds\nMaking war just for fun\nTreating people just like pawns in chess\nWait till their judgement day comes, yeah!\n\nNow in darkness, world stops turning\nAshes where their bodies burning\nNo more war pigs have the power\nHand of God has struck the hour\n\nDay of judgement, God is calling\nOn their knees, the war pigs crawling\nBegging mercy for their sins\nSatan laughing, spreads his wings\nOh lord, yeah!',16,54),(19,2,'Run to the Hills','Iron Maiden','Heavy Metal','White man came across the sea\nHe brought us pain and misery\nHe killed our tribes, he killed our creed\nHe took our game for his own need\n\nWe fought him hard, we fought him well\nOut on the plains, we gave him hell\nBut many came, too much for Cree\nOh, will we ever be set free?\n\nRiding through dust clouds and barren wastes\nGalloping hard on the plains\nChasing the redskins back to their holes\nFighting them at their own game\nMurder for freedom, a stab in the back\nWomen and children and cowards attack\n\nRun to the hills\nRun for your lives\nRun to the hills\nRun for your lives\n\nSoldier blue in the barren wastes\nHunting and killing\'s a game\nRaping the women and wasting the men\nThe only good Indians are tame\nSelling them whiskey and taking their gold\nEnslaving the young and destroying the old\n\nRun to the hills\nRun for your lives\nRun to the hills\nRun for your lives\n\nYeah\n\nRun to the hills\nRun for your lives\nRun to the hills\nRun for your lives\n\nRun to the hills\nRun for your lives\nRun to the hills\nRun for your lives',NULL,64),(20,2,'Fear of the Dark','Iron Maiden','Heavy Metal','I am a man who walks alone\nAnd when I\'m walking a dark road\nAt night or strolling through the park\nWhen the light begins to change\nI sometimes feel a little strange\nA little anxious when it\'s dark\n\nFear of the dark, fear of the dark\nI have a constant fear that something\'s always near\nFear of the dark, fear of the dark\nI have a phobia that someone\'s always there\n\nHave you run your fingers down the wall\nAnd have you felt your neck skin crawl\nWhen you\'re searching for the light?\nSometimes when you\'re scared to take a look\nAt the corner of the room\nYou\'ve sensed that something\'s watching you\n\nFear of the dark, fear of the dark\nI have a constant fear that something\'s always near\nFear of the dark, fear of the dark\nI have a phobia that someone\'s always there\n\nHave you ever been alone at night\nThought you heard footsteps behind\nAnd turned around and no one\'s there?\nAnd as you quicken up your pace\nYou find it hard to look again\nBecause you\'re sure there\'s someone there\n\nFear of the dark, fear of the dark\nI have a constant fear that something\'s always near\nFear of the dark, fear of the dark\nI have a phobia that someone\'s always there\n\nFear of the dark, fear of the dark\nFear of the dark, fear of the dark\nFear of the dark, fear of the dark\nFear of the dark, fear of the dark\n\nWatching horror films the night before\nDebating witches and folklores\nThe unknown troubles on your mind\nMaybe your mind is playing tricks\nYou sense, and suddenly eyes fix\nOn dancing shadows from behind\n\nFear of the dark, fear of the dark\nI have a constant fear that something\'s always near\nFear of the dark, fear of the dark\nI have a phobia that someone\'s always there\nFear of the dark, fear of the dark\nI have a constant fear that something\'s always near\nFear of the dark, fear of the dark\nI have a phobia that someone\'s always there\n\nWhen I\'m walking a dark road\nI am a man who walks alone',14,20),(21,2,'Aces High','Iron Maiden','Heavy Metal','There goes the siren that warns of the air raid\nThen comes the sound of the guns sending flak\nOut for the scramble, we\'ve got to get airborne\nGot to get up for the coming attack\n\nJump in the cockpit and start up the engines\nRemove all the wheelblocks, there\'s no time to waste\nGathering speed as we head down the runway\nGot to get airborne before it\'s too late\n\nRunning, scrambling, flying\nRolling, turning, diving, going in again\nRunning, scrambling, flying\nRolling, turning, diving\n\nRun, live to fly\nFly to live, do or die\nWon\'t you run, live to fly\nFly to live, aces high\n\nMove in to fire at the mainstream of bombers\nLet off a sharp burst and then turn away\nRoll over, spin \'round to come in behind them\nMove to their blindsides and firing again\n\nBandits at 8 o\'clock move in behind us\nTen ME-109\'s out of the sun\nAscending and turning our spitfires to face them\nHeading straight for them, I press down my guns\n\nRolling, turning, diving\nRolling, turning, diving (doing it again)\nRolling, turning, diving\nRolling, turning, diving\n\nRun, live to fly\nFly to live, do or die\nWon\'t you run, live to fly\nFly to live, aces high',19,7),(22,2,'2 Minutes to Midnight','Iron Maiden','Heavy Metal','Kill for gain or shoot to maim\nBut we don\'t need a reason\nThe golden goose is on the loose\nAnd never out of season\nBlackened pride still burns inside\nThis shell of bloody treason\nHere\'s my gun for a barrel of fun\nFor the love of living death\n\nThe killer\'s breed or the demon\'s seed\nThe glamour, the fortune, the pain\nGo to war again, blood is freedom\'s stain\nDon\'t you pray for my soul anymore\n\n2 minutes to midnight\nThe hands that threaten doom\n2 minutes to midnight\nTo kill the unborn in the womb\n\nThe blind men shout, \"Let the creatures out!\nWe\'ll show the unbelievers\"\nNapalm screams of human flames\nFor a prime-time Belsen feast, yeah\nAs the reasons for the carnage cut\nTheir meat and lick the gravy\nWe oil the jaws of the war machine\nAnd feed it with our babies\n\nThe killer\'s breed or the demon\'s seed\nThe glamour, the fortune, the pain\nGo to war again, blood is freedom\'s stain\nDon\'t you pray for my soul anymore\n\n2 minutes to midnight\nThe hands that threaten doom\n2 minutes to midnight\nTo kill the unborn in the womb\n\nThe body bags and little rags\nOf children torn in two\nAnd the jellied brains of those who remain\nTo put the finger right on you\nAs the mad men play on words\nAnd make us all dance to their song\nTo the tune of starving millions\nTo make a better kind of gun\n\nThe killer\'s breed or the demon\'s seed\nThe glamour, the fortune, the pain\nGo to war again, blood is freedom\'s stain\nDon\'t you pray for my soul anymore\n\n2 minutes to midnight\nThe hands that threaten doom\n2 minutes to midnight\nTo kill the unborn in the womb\n\nMidnight\nMidnight\nMidnight\nIt\'s all night\n\nMidnight\nMidnight\nMidnight\nIt\'s all night\n\nMidnight, all night',16,55),(23,2,'Revelations','Iron Maiden','Heavy Metal','O God of Earth and Altar\nBow down and hear our cry\nOur earthly rulers falter\nOur people drift and die\nThe walls of gold entomb us\nThe swords of scorn divide\nTake not thy thunder from us\nBut take away our pride.\n\nJust a babe in a black abyss\nNo reason for a place like this.\nThe walls are cold and souls cry out in pain.\nAn easy way for the blind to go\nA clever path for the fools who know.\nThe Secret of the Hangman\n\nThe smile on his lips.\nThe light of the Blind\nYou\'ll see\nThe venom that tears my spine\nThe Eyes of the Nile are opening\n\nYou\'ll see.\nShe came to me with a serpents kiss\nAs the Eye of the Sun rose on her lips.\nMoonlight catches silver tears I cry.\nSo we lay in a black embrace\nAnd the Seed is sown in a holy place\n\nAnd I watched and I waited for the Dawn.\nThe light of the Blind\nYou\'ll see\nThe venom that tears my spine\nThe Eyes of the Nile are opening\n\nYou\'ll see.\nBind us all together\nAblaze with Hope and Free.\nNo storm or heavy weather\nWill rock the boat you\'ll see.\nThe time has come to close your eyes\nAnd still the wind and rain.\nFor the one who will be King\nIs the watcher in the Ring.\nIt is You.',14,22),(26,2,'Powerslave','Iron Maiden','Heavy Metal','Into the Abyss I\'ll fall, the eye of Horus\nInto the eyes of the night, watching me go\nGreen is the cat\'s eye that glows\nIn this Temple\nEnter the risen Osiris, risen again\n\nTell me why I had to be a Powerslave\nI don\'t wanna die, I\'m a god\nWhy can\'t I live on?\nWhen the Life Giver dies\nAll around is laid waste\nAnd in my last hour\nI\'m a Slave to the Power of Death\n\nWhen I was living this lie, fear was my game\nPeople would worship and fall\nDrop to their knees\nSo bring me the blood and\nRed wine for the one to succeed me\nFor he is a man and a god\nAnd He will die too\n\nTell me why I had to be a Powerslave\nI don\'t wanna die, I\'m a god\nWhy can\'t I live on?\nWhen the Life Giver dies\nAll around is laid waste\nAnd in my last hour\nI\'m a Slave to the Power of Death\n\nNow I am cold but a ghost lives in my veins\nSilent the terror that reigned\nMarbled in stone\nA shell of a man, god preserved\nFor a thousand ages\nBut open the gates of my hell\nI\'ll strike from the grave\n\nTell me why I had to be a Powerslave\nI don\'t wanna die, I\'m a god\nWhy can\'t I live on?\nWhen the Life Giver dies\nAll around is laid waste\nAnd in my last hour\nI\'m a Slave to the Power of Death\n\nSlave to the Power of Death...\nSlave to the Power of Death...',NULL,65),(27,2,'The Number of the Beast','Iron Maiden','Heavy Metal','Woe to you, oh earth and sea\nFor the Devil sends the beast with wrath\nBecause he knows the time is short\nLet him who hath understanding reckon the number of the beast\nFor it is a human number\nIts number is six hundred and sixty-six\n\nI left alone, my mind was blank\nI needed time to think\nTo get the memories from my mind\nWhat did I see? Can I believe?\nThat what I saw that night was real and not just fantasy?\n\nJust what I saw in my old dreams\nWere they reflections of my warped mind staring back at me?\n\'Cause in my dreams it\'s always there\nThe evil face that twists my mind and brings me to despair\n\nNight was black, was no use holding back\n\'Cause I just had to see, was someone watching me?\nIn the mist, dark figures move and twist\nWas all this for real or just some kind of Hell?\n\nSix six six, the number of the beast\nHell and fire was spawned to be released\n\nTorches blazed and sacred chants were praised\nAs they start to cry, hands held to the sky\nIn the night, the fires are burning bright\nThe ritual has begun, Satan\'s work is done\n\nSix six six, the number of the beast\nSacrifice is going on tonight\n\nThis can\'t go on, I must inform the law\nCan this still be real, or just some crazy dream?\nBut I feel drawn towards the chanting hordes\nSeem to mesmerize, can\'t avoid their eyes\n\nSix six six, the number of the beast\nSix six six, the one for you and me\n\nI\'m coming back, I will return\nAnd I\'ll possess your body and I\'ll make you burn\nI have the fire, I have the force\nI have the power to make my evil take its course',NULL,66),(28,2,'Hallowed Be Thy Name','Iron Maiden','Heavy Metal','I\'m waiting in my cold cell\nWhen the bell begins to chime\nReflecting on my past life\nAnd it doesn\'t have much time\n\'Cause at five o\'clock\nThey take me to the gallows pole\n\nThe sands of time for me are running low\n\nRunning low, yeah\n\nWhen the priest comes to read me the last rites\nTake a look through the bars at the last sights\nOf a world that has gone very wrong for me\nCan it be that there\'s some sort of an error?\nHard to stop the surmounting terror\nIs it really the end not some crazy dream?\n\nSomebody please, tell me that I\'m dreaming\nIt\'s not easy to stop from screaming\nBut words escape me when I try to speak\nTears flow, but why am I crying?\nAfter all I\'m not afraid of dying\nDon\'t I believe that there never is an end?\n\nAs the guards march me out to the courtyard\nSomebody cries from a cell, \"God be with you\"\nIf there\'s a God why has he let me go?\nAs I walk my life drifts before me\nAnd though the end is near I\'m not sorry\nCatch my soul, it\'s willing to fly away\n\nMark my words, believe, my soul lives on\nDon\'t worry now that I have gone\nI\'ve gone beyond to see the truth\nWhen you know that your time is close at hand\nMaybe then you\'ll begin to understand\nLife down here is just a strange illusion\n\nYeah, yeah, yeah\nHallowed be Thy name\nYeah, yeah, yeah\nHallowed be Thy name\n\nYeah',19,6),(30,2,'Running Free','Iron Maiden','Heavy Metal','Ok\nJust sixteen, a pick-up truck\nOut of money, out of luck\nI\'ve got no place to call of my own\n\nHit the gas, and here I go\nI\'m running free yeah\nC\'mon, I\'m running free\nI\'m running free yeah\n\nI\'m running free\nSpent the night in an L.A. jail\nAnd listened to the sirens wail\nThey ain\'t got a thing on me\n\nRunning wild, running free, yeah\nI\'m running free yeah\nI\'m running free\nI\'m running free yeah\n\nI\'m running free\n\nI\'m running free yeah\nI\'m running free\nI\'m running free yeah\nI\'m running free, oh yeah\n\nPulled here at the Bottle Top\n\nWhiskey, dancing, disco hop\nAll the boys are after me\nThat\'s the way it\'s gonna be\nI\'m running free yeah\n\nI\'m running free\nI\'m running free yeah\nI\'m running free, oh yeah\nI\'m running free yeah\nI\'m running free yeah\nI\'m running free yeah\nI\'m running free yeah\nI\'m running free yeah\nI\'m running free yeah\nI\'m running free yeah\nI\'m running free yeah\nI\'m running free yeah',NULL,67),(35,2,'Phantom of the Opera','Iron Maiden','Heavy Metal','C\'mon yeah\n\nI\'ve been looking so long for you now\nYou won\'t get away from my grasp\n\nYou\'ve been living so long in hiding\nIn hiding behind that false mask\n\nAnd you know and I know that\nYou ain\'t got long now to last\n\nYour looks and your feelings\nAre just the remains of your past\n\nYou\'re standing in the wings\nThere you wait for the curtain to fall\n\nKnowing the terror and holding\nYou have on us all\n\nYeah, I know that you\'re gonna\nScratch me and maim me and maul\n\nYou know I\'m helpless\nFrom your mesmerizing cat call\n\nUh\n\nKeep your distance, walk away\nDon\'t take his bait\nDon\'t you stray\nDon\'t fade away\n\nWatch your step, he\'s out to get you\nCome what may\nDon\'t you stray\nFrom the narrow way\n\nUh, uhh\nI\'m running and hiding in my dreams\nYou\'re always there\n\nYou\'re the phantom of the opera\nYou\'re the devil, you\'re just out to scare\n\nYou damaged my mind and my soul\nIt just floats through the air\n\nYou haunt me, you taunt me\nYou torture me back at your lair',14,21),(37,2,'Moonchild','Iron Maiden','Heavy Metal','Seven deadly sins\nSeven ways to win\nSeven holy paths to hell\nAnd your trip begins\n\nSeven downward slopes\nSeven bloodied hopes\nSeven are your burning fires\nSeven your desires...\n\nI am he the bornless one\nThe fallen angel watching you\nBabylon, the scarlet whore\nI\'ll infiltrate your gratitude\nDon\'t you dare to save your son\nKill him now and save the young ones\nBe the mother of a birth strangled babe\nBe the devils own, Lucifer\'s my name\n\nMoonchild - hear the mandrake scream\nMoonchild - open the seventh seal\n\nI count the heads of those unborn\nThe accursed ones I\'ll find them all\nAnd if you die by your own hand\nAs a suicide you shall be damned\nAnd if you try to save your soul\nI will torment you - you shall not grow old\nWith every second and passing breath\nYou\'ll be so alone your soul will bleed to death\n\nMoonchild - hear the mandrake scream\nMoonchild - open the seventh seal\nMoonchild - You\'ll be mine soon child\nMoonchild - take my hand tonight\n\nThe twins they are exhausted, seven is this night\nGemini is rising as the red lips kiss to bite\nSeven angels seven demons battle for his soul\nWhen Gabriel lies sleeping, this child was born to die\n\nOne more dies and one more lives\nOne baby cries one mother grieves\nFor all the sins you will commit\nYou\'ll beg forgiveness and none I\'ll give\nA web of fear shall be your coat\nTo clothe you in the night\nA lucky escape for you young man\nFor I\'ll see you damned in endless night\n\nMoonchild - hear the mandrake scream\nMoonchild - open the seventh seal\nMoonchild - You\'ll be mine soon child\nMoonchild - take my hand tonight',14,19),(38,2,'Breaking the Law','Judas Priest','Heavy Metal','There I was completely wasting, out of work and down\nAll inside it\'s so frustrating as I drift from town to town\nFeel as though nobody cares if I live or die\nSo I might as well begin to put some action in my life\n\nBreaking the law, breaking the law\nBreaking the law, breaking the law\nBreaking the law, breaking the law\nBreaking the law, breaking the law\n\nSo much for the golden future I can\'t even start\nI\'ve had every promise broken, there\'s anger in my heart\nYou don\'t know what it\'s like, you don\'t have a clue\nIf you did you\'d find yourselves doing the same thing too\n\nBreaking the law, breaking the law\nBreaking the law, breaking the law\nBreaking the law, breaking the law\nBreaking the law, breaking the law\n\nYou don\'t know what it\'s like!\n\nBreaking the law, breaking the law\nBreaking the law, breaking the law\nBreaking the law, breaking the law\nBreaking the law, breaking the law\nBreaking the law, breaking the law\nBreaking the law, breaking the law\nBreaking the law, breaking the law\nBreaking the law, breaking the law',16,56),(40,2,'You\'ve Got Another Thing Coming','Judas Priest','Heavy Metal','One life I\'m gonna live it up\nI\'m takin\' flight I said \"I\'ll never get enough\"\nStand tall I\'m a young and kinda proud\nI\'m on the top as long as the music\'s loud\n\nIf you think I\'ll sit around as the world goes by\nYou\'re thinkin\' like a fool \'cause it\'s a case of do or die\nOut there is a fortune waitin\' to be had\nYou think I\'ll let it go you\'re mad\n\nYou\'ve got another thing comin\'\nYou\'ve got another thing comin\'\n\nThat\'s right here\'s where the talkin\' ends\nWell listen this is night there\'ll be some action spent\nDrive hard I\'m callin\' all the shots\nI got an ace card comin\' down on the rocks\n\nIf you think I\'ll sit around you chip away my brain\nListen I ain\'t foolin\' and you\'d better think again\nOut there is a fortune waitin\' to be had\nYou think I\'ll let it go you\'re mad\n\nYou\'ve got another thing comin\'\nYou\'ve got another thing comin\'\nYou\'ve got another thing comin\'\n\nIn this world we\'re livin\' in\nWe have our share of sorrow\nAnswer now is don\'t give in\nAim for a new tomorrow\n\nAnd oh so hot no time to take a rest yeah\nAct tough ain\'t room for second best\nReal strong got me some security\nHey I\'m a big smash I\'m goin\' for infinity yeah\n\nIf you think I\'ll sit around as the world goes by\nYou\'re thinkin\' like a fool \'cause it\'s a case of do or die\nOut there is a fortune waitin\' to be had\nYou think I\'ll let it go you\'re mad\n\nYou\'ve got another thing comin\'\nYou\'ve got another thing comin\'\nYou\'ve got another thing comin\'\nYou\'ve got another thing\n\nYou\'ve got another thing comin\'\nHey yeah it\'s a comin\' now come on\nYou\'ve got another thing comin\'\nYeah yeah yeah\n\nYou\'ve got another thing comin\'\nYou\'re on talk about a deadly boy\nYou\'ve got another thing comin\'\nYeah yeah yeah yeah\n\nYou\'ve got another thing comin\'\nYou\'ve got another thing comin\'\nYou\'ve got another birdie comin\'\n\nYou\'ve got another thing comin\'\nYou\'ve got another thing comin\'\nYou\'ve got another thing comin\'\nYou\'ve got another thing comin\'\n\nYou\'ve got another thing comin\'\nYou\'ve got another thing comin\'\nYou\'ve got another thing comin\'\nYou\'ve got another thing comin\'\n\nYou\'ve got another thing comin\'\nYou\'ve got another thing comin\'\nYou\'ve got another thing comin\'\nYou\'ve got a another thing comin\'',17,45),(43,2,'Electric Eye','Judas Priest','Heavy Metal','Up here in space\nI\'m looking down on you\nMy laser\'s trace\nEverything you do\n\nYou think you\'ve private lives\nThink nothing of the kind\nThere is no true escape\nI\'m watching all the time\n\nI\'m made of metal\nMy circuits gleam\nI am perpetual\nI keep the country clean\n\nI\'m elected, electric spy\nI\'m protected, electric eye\n\nAlways in focus\nYou can\'t feel my stare\nI zoom into you\nBut you don\'t know I\'m there\n\nI take a pride in probing\nAll your secret moves\nMy tearless retina\nTakes pictures that can prove\n\nI\'m made of metal\nMy circuits gleam\nI am perpetual\nI keep the country clean\n\nI\'m elected, electric spy\nI\'m protected, electric eye\n\nElectric eye\nIn the sky\nThey feel the stare\nSo always there\n\nThere\'s nothing you can do about it\nDevelop and expose\nI feed upon your every thought\nAnd so my power grows\n\nI\'m made of metal\nMy circuits gleam\nI am perpetual\nI keep the country clean\n\nI\'m elected, electric spy\nI\'m protected, electric eye\nI\'m elected, electric spy\nI\'m elected\n\nProtective, detective\nElectric eye',18,34),(49,2,'The Hellion','Judas Priest','Heavy Metal',NULL,NULL,68),(57,2,'Symphony of Destruction','Megadeth','Thrash Metal','You take a mortal man\nAnd put him in control\nWatch him become a God\nWatch people\'s heads a roll\nA roll\nA roll\n\nJust like the Pied Piper\nLed rats through the streets\nWe dance like marionettes\nSwaying to the symphony\nOf destruction\n\nActing like a robot\nIts metal brain corrodes\nYou try to take its pulse\nBefore the head explodes\nExplodes\nExplodes\n\nJust like the Pied Piper\nLed rats through the streets\nWe dance like marionettes\nSwaying to the symphony\n\nJust like the Pied Piper\nLed rats through the streets\nWe dance like marionettes\nSwaying to the symphony\nSwaying to the symphony\nOf destruction\n\nThe earth starts to rumble\nThe world powers fall\nA warring for the heavens\nA peaceful man stands tall\nA tall\nA tall\n\nJust like the Pied Piper\nLed rats through the streets\nWe dance like marionettes\nSwaying to the symphony\n\nJust like the Pied Piper\nLed rats through the streets\nWe dance like marionettes\nSwaying to the symphony\nSwaying to the symphony\nOf destruction',19,5),(60,2,'Master of Puppets','Metallica','Thrash Metal','End of passion play, crumbling away\nI\'m your source of self-destruction\nVeins that pump with fear, sucking darkest clear\nLeading on your death\'s construction\n\nTaste me, you will see\nMore is all you need\nDedicated to\nHow I\'m killing you\n\nCome crawling faster (faster)\nObey your master (master)\nYour life burns faster (faster)\nObey your master, master\n\nMaster of puppets, I\'m pulling your strings\nTwisting your mind and smashing your dreams\nBlinded by me, you can\'t see a thing\nJust call my name \'cause I\'ll hear you scream\nMaster, master\nJust call my name \'cause I\'ll hear you scream\nMaster, master\n\nNeedlework the way, never you betray\nLife of death becoming clearer\nPain monopoly, ritual misery\nChop your breakfast on a mirror\n\nTaste me, you will see\nMore is all you need\nDedicated to\nHow I\'m killing you\n\nCome crawling faster (faster)\nObey your master (master)\nYour life burns faster (faster)\nObey your master, master\n\nMaster of puppets, I\'m pulling your strings\nTwisting your mind and smashing your dreams\nBlinded by me, you can\'t see a thing\nJust call my name \'cause I\'ll hear you scream\nMaster, master\nJust call my name \'cause I\'ll hear you scream\nMaster, master\n(Master, master, master, master)\n\nMaster, master, where\'s the dreams that I\'ve been after?\nMaster, master, you promised only lies\nLaughter, laughter, all I hear or see is laughter\nLaughter, laughter, laughing at my cries\nFix me!\n\nHell is worth all that, natural habitat\nJust a rhyme without a reason\nNever-ending maze, drift on numbered days\nNow your life is out of season\n\nI will occupy\nI will help you die\nI will run through you\nNow I rule you too\n\nCome crawling faster (faster)\nObey your master (master)\nYour life burns faster (faster)\nObey your master, master\n\nMaster of puppets, I\'m pulling your strings\nTwisting your mind and smashing your dreams\nBlinded by me, you can\'t see a thing\nJust call my name \'cause I\'ll hear you scream\nMaster, master\nJust call my name \'cause I\'ll hear you scream\nMaster, master',20,14),(61,2,'Enter Sandman','Metallica','Heavy Metal','Say your prayers, little one\nDon\'t forget, my son\nTo include everyone\nI tuck you in, warm within\nKeep you free from sin\n\'Til the sandman, he comes\n\nSleep with one eye open\nGripping your pillow tight\n\nExit light\nEnter night\nTake my hand\nWe\'re off to never-never land\n\nSomething\'s wrong, shut the light\nHeavy thoughts tonight\nAnd they aren\'t of Snow White\nDreams of war, dreams of liars\nDreams of dragon\'s fire\nAnd of things that will bite, yeah\n\nSleep with one eye open\nGripping your pillow tight\n\nExit light\nEnter night\nTake my hand\nWe\'re off to never-never land, yeah\n\nNow I lay me down to sleep (now I lay me down to sleep)\nPray the Lord my soul to keep (pray the Lord my soul to keep)\nIf I die before I wake (if I die before I wake)\nPray the Lord my soul to take (pray the Lord my soul to take)\nHush, little baby, don\'t say a word\nAnd never mind that noise you heard\nIt\'s just the beasts under your bed\nIn your closet, in your head\n\nExit light\nEnter night\nGrain of sand\nExit light\nEnter night\nTake my hand\nWe\'re off to never-never land, yeah\n\nBoo!\nYeah-yeah\nYo, whoa\n\nWe\'re off to never-never land\nTake my hand\nWe\'re off to never-never land\nTake my hand\nWe\'re off to never-never land\nWe\'re off to never-never land\nWe\'re off to never-never land\nWe\'re off to never-never land',20,12),(62,2,'For Whom the Bell Tolls','Metallica','Thrash Metal','Hey-hey-hey-hey\n\nMake his fight on the hill in the early day\nConstant chill deep inside\nShouting gun, on they run through the endless grey\nOn they fight, for they\'re right, yes, but who\'s to say\nFor a hill, men would kill, why? They do not know\nStiffened wounds test their pride\nMen of five still alive through the raging glow\nGone insane from the pain that they surely know\n\nFor whom the bell tolls\nTime marches on\nFor whom the bell tolls\n\nTake a look to the sky just before you die\nIt\'s the last time you will\nBlackened roar, massive roar fills the crumbling sky\nShattered goal fills his soul with a ruthless cry\nStranger now are his eyes to this mystery\nHears the silence so loud\nCrack of dawn, all is gone except the will to be\nNow they see what will be, blinded eyes to see\n\nFor whom the bell tolls\nTime marches on\nFor whom the bell tolls',22,40),(64,2,'Whiplash','Metallica','Thrash Metal','Late at night, all systems go, you\'ve come to see the show\nWe do our best, you\'re the rest, you make it real, you know\nThere\'s a feeling deep inside that drives you fuckin\' mad\nA feeling of a hammerhead, you need it, oh, so bad\n\nAdrenaline starts to flow\nYou\'re thrashing all around\nActing like a maniac\nWhiplash\n\nBang your head against the stage like you never did before\nMake it ring, make it bleed, make it really sore\nIn a frenzied madness with your leathers and your spikes\nHeads are bobbing all around, it\'s hot as hell tonight\n\nAdrenaline starts to flow\nYou\'re thrashing all around\nActing like a maniac\nWhiplash\n\nHere on stage the Marshall noise is piercing through your ears\nIt kicks your ass, kicks your face, exploding feeling nears\nNow\'s the time to let it rip, to let it fuckin\' loose\nWe\'re gathered here to maim and kill \'cause this is what we choose\n\nAdrenaline starts to flow\nYou\'re thrashing all around\nActing like a maniac\n\nHere we go!\n\nWhiplash\n\nShow is through, the metal\'s gone, it\'s time to hit the road\nAnother town, another gig, again we will explode\nHotel rooms and motorways, this life out here is raw\nBut we\'ll never stop, we\'ll never quit \'cause we\'re Metallica\n\nAdrenaline starts to flow\nYou\'re thrashing all around\nActing like a maniac',17,44),(66,2,'Fade to Black','Metallica','Thrash Metal','Life, it seems, will fade away\nDrifting further, every day\nGetting lost within myself\nNothing matters, no one else\nI have lost the will to live\nSimply nothing more to give\nThere is nothing more for me\nNeed the end to set me free\n\nThings not what they used to be\nMissing one inside of me\nDeathly loss, this can\'t be real\nI cannot stand this hell I feel\nEmptiness is filling me\nTo the point of agony\nGrowing darkness, taking dawn\nI was me, but now he\'s gone\n\nNo one but me\nCan save myself\nBut it\'s too late\nNow I can\'t think\nThink why I should even try\n\nYesterday seems as though\nIt never existed\nDeath greets me warm\nNow I will just say goodbye\nBye...',20,15),(68,2,'Turn the Page','Metallica','Heavy Metal','On a long and lonesome highway\nEast of Omaha\nYou can listen to the engines moanin\'\nOut this one-note song\nYou\'d think about the woman\nOr the girl you knew the night before\n\nBut your thoughts will soon be wanderin\'\nThe way they always do\nWhen you\'re ridin\' 16 hours\nThere\'s nothin\' much to do\nAnd you don\'t feel much like ridin\'\nYou just wish the trip was through\n\nHere I am, on the road again\nThere I am, up on the stage\nThere I go playin\' the star again\nThere I go, turn the page\n\nSo you walk into this restaurant\nAll strung out from the road\nAnd you feel the eyes upon you\nAs you\'re shakin\' off the cold\nYou pretend it doesn\'t bother you\nBut you just want to explode\n\nYeah, most times you can\'t hear \'em talk\nOther times you can\nAll the same old clichés\nIs it woman, is it man?\nAnd you always seem outnumbered\nYou don\'t dare make a stand\nMake your stand\n\nHere I am, on the road again\nThere I am, up on the stage\nHere I go playin\' the star again\nThere I go, turn the page\n\nOh-oh, out there in the spotlight\nYou\'re a million miles away\nEvery ounce of energy\nYou try and give away\nAs the sweat pours out your body\nLike the music that you play, yeah\n\nLater in the evenin\'\nAs you lie awake in bed\nWith the echoes of the amplifiers\nRingin\' in your head\nYou smoke the day\'s last cigarette\nRememberin\' what she said\nWhat she said\n\nYeah, and here I am, on the road again\nThere I am, up on the stage\nHere I go playin\' the star again\nThere I go, turn the page\n\nAnd there I go\nTurn that page\nThere I go, yeah, yeah\nThere I go, yeah, yeah\n\nHere I go, yeah\nHere I go, yeah\nThere I go\nThere I go\nAnd I\'m gone',21,30),(70,2,'Seek & Destroy','Metallica','Thrash Metal','All right!\n\nScanning the scene in the city tonight\nWe are looking for you to start up a fight\nThere is an evil feeling in our brains\nBut there\'s nothing new\nYou know it drives us insane\n\nRunning\nOn our way\nHiding\nYou will pay\nDying\nOne thousand deaths\n\nRunning\nOn our way\nHiding\nYou will pay\nDying\nOne thousand deaths\n\nSearching\nSeek and Destroy\nSearching\nSeek and Destroy\nSearching\nSeek and Destroy\nSearching\nSeek and Destroy\n\nThere is no escape and that is for sure\nThis is the end we won\'t take any more\nSay goodbye to the world you live in\nYou have always been taking but now you\'re giving\n\nRunning\nOn our way\nHiding\nYou will pay\nDying\nOne thousand deaths\n\nRunning\nOn our way\nHiding\nYou will pay\nDying\nOne thousand deaths\n\nSearching\nSeek and Destroy\nSearching\nSeek and Destroy\nSearching\nSeek and Destroy\nSearching\nSeek and Destroy\n\nOur brains are on fire with the feeling to kill\nAnd it will not go away until our dreams are fulfilled\nThere is only one thing on our minds\nDon\'t try running away \'cause you\'re the one we will find\n\nRunning\nOn our way\nHiding\nYou will pay\nDying\nOne thousand deaths\n\nRunning\nOn our way\nHiding\nYou will pay\nDying\nOne thousand deaths\n\nSearching\nSeek and Destroy\nSearching\nSeek and Destroy\nSearching\nSeek and Destroy\nSearching\nSeek and Destroy, aha ha ha ha',19,8),(71,2,'Wherever I May Roam','Metallica','Heavy Metal','(And the road becomes my bride)\nAnd the road becomes my bride\nI have stripped of all but pride\nSo in her I do confide\nAnd she keeps me satisfied\nGives me all I need\n\nAnd with dust in throat, I crave\nOnly knowledge will I save\nTo the game you stay a slave\nRoamer, wanderer, nomad, vagabond\nCall me what you will, yeah\n\nOh, but I\'ll take my time anywhere\nFree to speak my mind anywhere\nAnd I\'ll redefine anywhere\nAnywhere I roam\nWhere I lay my head is home, yeah\n\n(And the earth becomes my throne)\nAnd the earth becomes my throne\nI adapt to the unknown\nUnder wandering stars I\'ve grown\nBy myself, but not alone\nI ask no one\n\nAnd my ties are severed clean\nLess I have, the more I gain\nOff the beaten path I reign\nRoamer, wanderer, nomad, vagabond\nCall me what you will\nYeah, you will\n\nBut I\'ll take my time anywhere\nI\'m free to speak my mind anywhere\nAnd I\'ll never mind anywhere\nAnywhere I roam\nWhere I lay my head is home, yeah, yeah\n\nBut I\'ll take my time anywhere\nI\'m free to speak my mind\nAnd I\'ll take my time anywhere\nAnywhere I roam\nWhere I lay my head is home, that\'s right\n\nBut I\'ll take my time anywhere\nI\'m free to speak my mind anywhere\nAnd I\'ll redefine anywhere\nAnywhere I roam\nWhere I lay my head is home\nCarved upon my stone\nMy body lie, but still I roam, yeah, yeah\n\nWherever I may roam\n\nWherever I may roam, roam\n\nWherever I may roam\n\nWherever I may roam, yeah\n\nWherever I may wander, wander, wander\nWherever I may roam\nYeah, yeah, wherever I may roam\nYeah, yeah, wherever I may roam\n\nWherever I may roam\nWherever I may roam',20,13),(74,2,'Whiskey in the Jar','Metallica','Hard Rock','As I was going over the Cork and Kerry mountains\nI saw Captain Farrell, his money he was counting\nI first produced my pistol, then produced my rapier\nI said stand and deliver or the devil, he may take ya\n\nI took all of his money and it was a pretty penny\nI took all of his money, yeah, and I brought it home to Molly\nShe swore that she\'d love me, no never would she leave me\nBut the devil take that woman, yeah, for you know she tricked me easy\n\nMush-a ring dum-a-doo-dum-a-da\nWhack for my daddy-o\nWhack for my daddy-o\nThere\'s whiskey in the jar-o\n\nBeing drunk and weary I went to Molly\'s chamber\nTaking Molly with me, but I never knew the danger\nFor about six or maybe seven, in walked Captain Farrell\nI jumped up, fired my pistols and I shot him with both barrels, yeah\n\nMush-a ring dum-a-doo-dum-a-da, yeah-yeah\nWhack for my daddy-o\nWhack for my daddy-o\nThere\'s whiskey in the jar-o\n\nYeah-ah, whiskey\nYeah-whoa, whiskey\n\nNow some men like the fishing, some men like the fowling\nSome men like to hear, to hear the cannon ball a-roaring\nMe, I like sleeping \'specially in my Molly\'s chamber\nBut here I am in prison, here I am with a ball and chain, yeah\n\nMush-a ring dum-a-doo-dum-a-da, yeah-yeah\nWhack for my daddy-o\nWhack for my daddy-o\nThere\'s whiskey in the jar-o, yeah\n\nWhiskey in the jar-o, yeah\n\nMush-a ring dum-a-doo-dum-a-da\nMush-a ring dum-a-doo-dum-a-da\nHey, mush-a ring dum-a-doo-dum-a-da\nMush-a ring dum-a-doo-dum-a-da, yeah',14,18),(77,2,'Am I Evil?','Metallica','Heavy Metal','My mother was a witch\nShe was burned alive\nThankless little bitch\nOh, the tears I cried\nTake her down now\nDon\'t want to see her face\nAll blistered and burnt\nCan\'t hide my disgrace\n\nTwenty-seven, everyone was nice\nGotta see \'em make \'em pay the price\nSee their bodies out on the ice\nTake my time\n\nAm I evil?\nYes I am\nAm I evil?\nI am man, yes I am\n\nAs I watched my mother die\nI lost my head\nRevenge now I sought\nTo break with my bread\nTaking no chances\nYou come with me\nI\'ll split you to the bone\nHelp set you free\n\nTwenty-seven, everyone was nice\nGotta see \'em make \'em pay the price\nSee their bodies out on the ice\nTake my time\n\nAm I evil?\nYes I am\nAm I evil?\nI am man, yes I am\n\nOn with the action now\nI\'ll strip your pride\nI\'ll spread your blood around\nI\'ll see you ride\nYour face is scarred with steel\nWounds deep and neat\nLike a double dozen before\nYa smells so sweet\n\nAm I evil?\nYes I am\nAm I evil?\nI am man\n\nI\'ll make my residence\nI\'ll watch your fire\nYou can come with me\nSweet desire\nMy face is long forgot\nMy face not my own\nSweet and timely whore\nTake me home\n\nAm I evil?\nYes I am\nAm I evil?\nI am man\n\nMy soul is longing for\nAwait my heir\nSent to avenge my mother\nSweep myself\nMy face is long forgot\nMy face not my own\nSweet and timely whore\nTake me home\n\nAm I evil?\nYes I am\nAm I evil?\nI am man\nAm I evil?\nYes I fucking am\nAm I evil?\nI am man, yeah',16,57),(78,2,'Creeping Death','Metallica','Thrash Metal','Slaves!\nHebrews born to serve\nTo the pharaoh\nHeed!\nTo his every word\nLive in fear\nFaith!\nOf the unknown one\n\nThe deliverer\nWait!\nSomething must be done\nFour hundred years\n\nSo let it be written\nSo let it be done\n\nI\'m sent here by the chosen one\nSo let it be written\nSo let it be done\nTo kill the first-born pharaoh son\nI\'m creeping death\n\nNow!\nLet my people go\n\nLand of Goshen\nGo!\nI will be with thee\nBush of fire\nBlood!\nRunning red and strong\nDown the Nile\n\nPlague!\n\nDarkness three days long\nHail to fire\n\nSo let it be written\nSo let it be done\nI\'m sent here by the chosen one\n\nSo let it be written\nSo let it be done\nTo kill the first-born pharaoh son\nI\'m creeping death\n\nDie by my hand\nI creep across the land\nKilling first-born man\n\nDie by my hand\nI creep across the land\nKilling first born man\n\nI!\nRule the midnight air\nThe destroyer\nBorn!\nI shall soon be there\nDeadly mass\nI!\nCreep the steps and floor\nFinal darkness\nBlood!\nLambs blood painted door\nI shall pass\n\nSo let it be written\nSo let it be done\nI\'m sent here by the chosen one\nSo let it be written\nSo let it be done\nTo kill the first-born pharaoh son\nI\'m creeping death',16,62),(79,2,'Ace of Spades','Motörhead','Heavy Metal','If you like to gamble, I tell you I\'m your man\nYou win some, lose some, it\'s all the same to me\n\nThe pleasure is to play, it makes no difference what you say\nI don\'t share your greed, the only card I need is\nThe Ace of Spades\nThe Ace of Spades\n\nPlaying for the high one, dancing with the devil\nGoing with the flow, it\'s all a game to me\n\nSeven or eleven, snake eyes watching you\nDouble up or quit, double stake or split\nThe Ace of Spades\nThe Ace of Spades\n\nYou know I\'m born to lose\nAnd gambling\'s for fools\nBut that\'s the way I like it, baby\nI don\'t wanna live forever\n\nAnd don\'t forget the joker\n\nPushing up the ante, I know you\'ve got to see me\nRead \'em and weep, the dead man\'s hand again\n\nI see it in your eyes, take one look and die\nThe only thing you see, you know it\'s gonna be\nThe Ace of Spades\nThe Ace of Spades',17,46),(80,2,'Crazy Train','Ozzy Osbourne','Heavy Metal','All aboard! Ha ha ha ha ha ha haaaa!\nAy, ay, ay, ay, ay, ay, ay...\n\nCrazy, but that\'s how it goes\nMillions of people living as foes\nMaybe it\'s not too late\nTo learn how to love and forget how to hate\n\nMental wounds not healing\nLife\'s a bitter shame\n\nI\'m going off the rails on a crazy train\nI\'m going off the rails on a crazy train\n\nLet\'s go!\n\nI\'ve listened to preachers, I\'ve listened to fools\nI\'ve watched all the dropouts who make their own rules\nOne person conditioned to rule and control\nThe media sells it and you live the role\n\nMental wounds still screaming\nDriving me insane\n\nI\'m going off the rails on a crazy train\nI\'m going off the rails on a crazy train\n\nI know that things are going wrong for me\nYou gotta listen to my words, yeah, yeah!\n\nHeirs of a Cold War, that\'s what we\'ve become\nInheriting troubles, I\'m mentally numb\nCrazy, I just cannot bear\nI\'m living with something that just isn\'t fair\n\nMental wounds not healing\nWho and what\'s to blame?\n\nI\'m going off the rails on a crazy train\nI\'m going off the rails on a crazy train',22,41),(81,2,'Mr. Crowley','Ozzy Osbourne','Heavy Metal','Mr. Crowley, what they done in your head\nOh Mr. Crowley,did you talk with the dead\nYour lifestyle to me seemed so tragic\nWith the thrill of it all\nYou fooled all the people with magic\nYeah you waited on Satan\'s call\n\nMr. Charming, did you think you were pure\nMr. Alarming, in nocturnal rapport\nUncovering things that were sacred manifest on this earth\nAh conceived in the eye of a secret\nAnd they scattered the afterbirth\n\nMr. Crowley, won\'t you ride my white horse\nMr. Crowley, it\'s symbolic of course\nApproaching a time that is classic\nI hear maidens call\nApproaching a time that is drastic\nStanding with their backs to the wall\n\nWas it polemically sent\nI want to know what you meant\nI want to know\nI want to know what you meant, yeah',21,26),(82,2,'Bark at the Moon','Ozzy Osbourne','Heavy Metal','Screams break the silence\nWaking from the dead of night\nVengeance is boiling\nHe\'s returned to kill the light\n\nThen when he\'s found who he\'s looking for\nListen in awe and you\'ll hear him\n\nBark at the moon\n\nYears spent in torment\nBuried in a nameless grave\nNow He has risen\nMiracles would have to save\n\nThose that the beast is looking for\nListen in awe and you\'ll hear him\n\nBark at the moon\nHey, yeah, bark at the moon\n\nThey cursed and buried Him along with shame\nAnd thought His timeless soul had gone, gone\nIn empty burning the unholy one\nBut He\'s returned to prove them wrong, so wrong\nOoh, yeah, baby\n\nHowling in shadows\nLiving in a lunar spell\nHe finds his Heaven\nSpewing from the mouth of hell\n\nThose that the beast is looking for\nListen in awe and you\'ll hear him\n\nBark at the moon\nHey, yeah, bark at the moon\nHey, yeah, bark at the moon\nOh, oh, yeah, bark at the moon',22,36),(92,2,'Walk','Pantera','Groove Metal','Can\'t you see, I\'m easily bothered by persistence?\nOne step from lashing out at you\nYou want in, to get under my skin and call yourself a friend\nI\'ve got more friends like you, what do I do?\n\nIs there no standard anymore?\nWhat it takes? Who I am?\nWhere I\'ve been, belong?\nYou can\'t be something you\'re not\nBe yourself, by yourself\nStay away from me\nA lesson learned in life\nKnown from the dawn of time\n\nRespect, walk\nWhat did you say?\nRespect, walk\nAre you talking to me?\nAre you talking to me?\n\nRun your mouth when I\'m not around\nIt\'s easy to achieve\nYou cry to weak friends that sympathize\nCan you hear the violins playing your song?\nThose same friends tell me your every word\n\nIs there no standard anymore?\nWhat it takes? Who I am?\nWhere I\'ve been, belong?\nYou can\'t be something you\'re not\nBe yourself, by yourself\nStay away from me\nA lesson learned in life\nKnown from the dawn of time\n\nRespect, walk\nWhat did you say?\nRespect, walk\nAre you talking to me?\nRespect, walk\nWhat did you say?\nRespect, walk\nAre you talking to me?\nAre you talking to me?\nNo way, punk\n\nRespect, walk\nWhat did you say?\nRespect, walk\nAre you talking to me?\nRespect, walk\nWhat did you say?\nRespect, walk\nAre you talking to me?\nAre you talking to me?\nWalk on home, boy',21,27),(95,2,'Fucking Hostile','Pantera','Groove Metal','One, two, three, four!\n\nAlmost every day\nI see the same face\nOn broken picture tube\nIt fits the attitude\n\nIf you could see yourself\nYou put you on a shelf\nYour verbal masturbate\nPromise to nauseate\n\nToday I\'ll play the part of non-parent\nNot make a hundred rules for you to know about yourself\nNot lie and make you believe what\'s evil\nIs making love and making friends and meeting God your own way\nThe right way\n\nTo see\nTo bleed\nCannot be taught\nIn turn, you\'re making us\nFucking hostile!\nWe stand alone\n\nThe truth in right and wrong\nThe boundaries of the law\nYou seem to miss the point\nArresting for a joint?\nYou seem to wonder why\nHundreds of people die\nYou\'re writing tickets man\nMy mom got jumped, they ran!\n\nNow I\'ll play a public servant\nTo serve and protect by the law and the state\nI\'d bust the punks that rape, steal and murder\nAnd leave you be if you crossed me, I\'d shake your hand like a man\nNot a god\n\nTo see\nTo bleed\nCannot be taught\nIn turn, you\'re making us\nFucking hostile!\nWe stand alone\n\nVince!\n\nCome meet your maker, boy\nSome things you can\'t enjoy\nBecause of heaven, hell\nA fucking wives tale\n\nThey put it in your head\nThen put you in your bed\nHe\'s watching say your prayers\n\'Cause God is everywhere\n\nNow I\'ll play a man learning priesthood\nWho\'s about to take the ultimate test in life\nI\'d question things because I am human\nAnd call no one my father who\'s not closer than a stranger\nI will not listen\n\nTo see\nTo bleed\nCannot be taught\nIn turn, you\'re making us\nFucking!\nFucking!\nFucking!\nFucking hostile!',16,60),(96,2,'Killing in the Name','Rage Against the Machine','Alternative Metal','Killing in the name of\n\nSome of those that work forces\nAre the same that burn crosses\nSome of those that work forces\nAre the same that burn crosses\nSome of those that work forces\nAre the same that burn crosses\nSome of those that work forces\nAre the same that burn crosses\nUgh!\n\nKilling in the name of\nKilling in the name of\n\nAnd now you do what they told ya\nAnd now you do what they told ya\nAnd now you do what they told ya\nAnd now you do what they told ya\nAnd now you do what they told ya\nAnd now you do what they told ya\nAnd now you do what they told ya\nAnd now you do what they told ya\nAnd now you do what they told ya\nAnd now you do what they told ya\nAnd now you do what they told ya\nAnd now you do what they told ya\n\nThose who died\nAre justified\nFor wearing the badge, they\'re the chosen whites\nYou justify\nThose that died\nBy wearing the badge, they\'re the chosen whites\nThose who died\nAre justified\nFor wearing the badge, they\'re the chosen whites\nYou justify\nThose that died\nBy wearing the badge, they\'re the chosen whites\n\nSome of those that work forces\nAre the same that burn crosses\nSome of those that work forces\nAre the same that burn crosses\nSome of those that work forces\nAre the same that burn crosses\nSome of those that work forces\nAre the same that burn crosses\n\nKilling in the name of\nKilling in the name of\n\nAnd now you do what they taught ya\nAnd now you do what they taught ya\nAnd now you do what they taught ya\nAnd now you do what they taught ya\nAnd now you do what they taught ya, now you\'re under control\nAnd now you do what they taught ya, now you\'re under control\nAnd now you do what they taught ya, now you\'re under control\nAnd now you do what they taught ya, now you\'re under control\nAnd now you do what they taught ya, now you\'re under control\nAnd now you do what they taught ya, now you\'re under control\nAnd now you do what they taught ya, now you\'re under control\nAnd now you do what they taught ya\n\nThose who died\nAre justified\nFor wearing the badge, they\'re the chosen whites\nYou justify\nThose that died\nBy wearing the badge, they\'re the chosen whites\nThose who died\nAre justified\nFor wearing the badge, they\'re the chosen whites\nYou justify\nThose that died\nBy wearing the badge, they\'re the chosen whites\nCome on!\n\nUgh!\n\nYeah! Come on! Ugh!\n\nFuck you, I won\'t do what you tell me\nFuck you, I won\'t do what you tell me\nFuck you, I won\'t do what you tell me\nFuck you, I won\'t do what you tell me\nFuck you, I won\'t do what you tell me\nFuck you, I won\'t do what you tell me\nFuck you, I won\'t do what you tell me\nFuck you, I won\'t do what you tell me\nFUCK YOU, I WON\'T DO WHAT YOU TELL ME\nFUCK YOU, I WON\'T DO WHAT YOU TELL ME\nFUCK YOU, I WON\'T DO WHAT YOU TELL ME\nFUCK YOU, I WON\'T DO WHAT YOU TELL ME\nFUCK YOU, I WON\'T DO WHAT YOU TELL ME\nFUCK YOU, I WON\'T DO WHAT YOU TELL ME\nFUCK YOU, I WON\'T DO WHAT YOU TELL ME\nFUCK YOU, I WON\'T DO WHAT YOU TELL ME\n\nMOTHERFUCKER\nUgh',21,29),(97,2,'Bulls on Parade','Rage Against the Machine','Alternative Metal','Come with it now!\nCome with it now!\n\nThe microphone explodes, shattering the molds\nEither drop the hits like de la O, or get the fuck off the commode\nWith the sure shot, sure to make the bodies drop\nDrop and don\'t copy yo, don\'t call this a co-op\n\nTerror rains drenchin\', quenchin\' the thirst\nOf the power dons, that five sided Fist-a-gon\nThe rotten sore on the face of Mother Earth gets bigger\nThe trigger\'s cold, empty your purse\n\nRally \'round the family\nWith a pocket full of shells\nThey rally \'round the family\nWith a pocket full of shells\n\nThey rally \'round the family\nWith a pocket full of shells\nThey rally \'round the family\nWith a pocket full of shells\n\nWeapons, not food, not homes, not shoes\nNot need, just feed the war cannibal animal\nI walk the corner to the rubble that used to be a library\nLine up to the mind cemetery now\n\nWhat we don\'t know keeps the contracts alive and movin\'\nThey don\'t gotta burn the books, they just remove \'em\nWhile arms warehouses fill as quick as the cells\nRally \'round the family, pocket full of shells\n\nRally \'round the family\nWith a pocket full of shells\nThey \'rally round the family\nWith a pocket full of shells\n\nThey rally \'round the family\nWith a pocket full of shells\nThey rally \'round the family\nWith a pocket full of shells\n\nBulls on parade\nUh\n\nCome with it now!\n\nCome with it now!\n\nBulls on parade!\n\nBulls on parade!\nBulls on parade!\nBulls on parade!\nBulls on parade!',16,61),(99,2,'Refuse/Resist','Sepultura','Groove Metal','Chaos AD, tanks on the streets\nConfronting police, bleeding the plebs\nRaging crowd burning cars\nBloodshed starts, who\'ll be alive?\n\nChaos AD, army in siege\nTotal alarm, I\'m sick of this\nInside the state war is created\nNo man\'s land, what is this shit?\n\nRefuse\nRefuse\nRefuse\nAy\n\nChaos AD, disorder unleashed\nStarting to burn, starting to lynch\nSilence means death, stand on your feet\nInner fear, your worst enemy\n\nRefuse\nResist\nRefuse\nResist!',22,37),(102,2,'Inner Self','Sepultura','Groove Metal','Walking these dirty streets\nWith hate in my mind\nFeeling the scorn of the world\nI won\'t follow your rules\n\nBlame and lies\nContradictions arise\nBlame and lies\nContradictions arise\n\nNonconformity in my inner self\nOnly I guide my inner self\n\nI won\'t change my way\nIt has to be this way\nI live my life for myself\nForget your filthy ways\n\nBlame and lies\nContradictions arise\nBlame and lies\nContradictions arise\n\nNobody will change my way\nLife betrays, but I keep on going\nThere\'s no light, but there\'s hope\nCrushing oppression, I win\n\nBetraying and playing dirty, you think you\'ll win\nBut someday you\'ll fall, and I\'ll be waiting\n\nLaughs of an insane man, you\'ll hear\nPersonality is my weapon against your envy\n\nWalking these dirty streets\nWith hate in my mind\nFeeling the scorn of the world\nI won\'t follow your rules\n\nNonconformity in my inner self\nOnly I guide my inner self',22,38),(104,2,'Territory','Sepultura','Groove Metal','Unknown man\nSpeaks to the world\nSucking your trust\nA trap in every word\n\nWar for territory\nWar for territory\n\nChoice control\nBehind propaganda\nPoor information\nTo manage your anger\n\nWar for territory\nWar for territory\n\nDictators\' speech\nBlasting off your life\nRule to kill the urge\nDumb assholes speech\n\nYears of fighting\nTeaching my son\nTo believe in that man\nRacist human being\n\nRacist good will live\nShame and regret\nOf the pride\nYou\'ve once possessed\n\nWar for territory\nWar for territory',19,4),(105,2,'Arise','Sepultura','Groove Metal','Obscured by the sun\nApocalyptic clash\nCities fall in ruin\nWhy must we die?\n\nObliteration of mankind\nUnder a pale grey sky\nWe shall arise\n\nI did nothing, saw nothing\nTerrorist confrontation\nWaiting for the end\nWartime conspiracy\n\nI see the world old\nI see the world dead\n\nVictims of war, seeking some salvation\nLast wish, fatality\nI\'ve no land, I\'m from nowhere\nAshes to ashes, dust to dust\nFace the enemy\nManic thoughts\nReligious intervention\nProblems remain\n\nObliteration of mankind\nUnder a pale grey sky\nWe shall arise',19,1),(112,2,'Propaganda','Sepultura','Groove Metal','Why don\'t you get a life and grow up?\nWhy don\'t you realize that you\'re fucked up?\nWhy criticize what you don\'t understand?\nWhy change my words? You\'re so afraid\n\nYou think you have the right to put me down\nPropaganda hides your scum\nFace to face, you don\'t have a word to say\nGot in my way, now you\'ll have to pay\n\nDon\'t, don\'t believe what you see\nDon\'t, don\'t believe what you read\nNo\n\nI know my way, I\'m here to stay\nI didn\'t start all this yesterday\nI\'ll prove you wrong all the way\nLife teaches me you\'re always alone\n\nDon\'t, don\'t believe what you see\nDon\'t, don\'t believe what you read\nNo',19,3),(113,2,'Desperate Cry','Sepultura','Groove Metal','Sacrifice is pleasure\nWhen life ends in pain\nConceive the last mistakes\nWhich belongs to all\n\nCreation of insane rule\nAll we hear: Desperate cry\n\nDeath the coldest wind\nSeeps into your pores\nA nation born of hate\nForgotten distant time\n\nCreation of insane rule\nAll we hear: Desperate cry\n\nEndless empty maze\nDespair, distress and silence\nA poison vacuum, infinity\nLife, lies, deceit\n\nMute souls end in silence\nOceans tainted with blood\nEmpty promises of hope\nBuried deep, infected ground\n\nCreation of insane rule\nAll we hear: Desperate cry\n\nCry!',16,59),(114,2,'Beneath the Remains','Sepultura','Groove Metal','In the middle of a war that was not started by me\nDeep depression of the nuclear remains\nI\'ve never thought of, I\'ve never thought about this happening to me\n\nProliferations of ignorance\nOrders that stand to destroy\nBattlefields and slaughter\nNow they mean my home and work\n\nWho has won?\nWho has died?\nBeneath the remains\n\nCities in ruins\nBodies packed on minefields\nNeurotic game of life and death\n\nNow I can feel the end\nPremonition about my final hour\nA sad image of everything\nEverything\'s so real\n\nWho has won?\nWho has died?\n\nEverything happened so quickly\nI felt I was about to leave Hell\nI\'ll fight for myself, for you\nBut so what?\n\nTo feel a deep hate, to feel scared\nBut beyond that, to wish being at an end\nClotted blood, mass mutilation\nHope for the future is only utopia\n\nMortality, insanity, fatality\nYou\'ll never want to feel what I\'ve felt\nMediocrity, brutality, and falsity\nIt\'s just a world against me\n\nCities in ruins\nBodies packed on minefields\nNeurotic game of life and death\n\nNow I can feel the end\nPremonition about my final hour\nA sad image of everything\nEverything\'s so real\n\nWho has won?\nWho has died?\nBeneath the remains',19,2),(115,2,'Troops of Doom','Sepultura','Groove Metal','Total eclipse hides the Earth\nThe night of doom has come\nAntichrist soldiers are proclaimed\nTo send souls to the Hell\n\nCatastrophe, destruction\nMankind is slaughtered without mercy\nSulfur clouds are in the air\nLegion winds corrode the universe\n\nMessiah, redeemer of mankind\nChained in the valley of Hades\nCrowds blinded by evil\nOnly death is real\n\nThe nuclear war announces the end of the world\nThe mankind is buried and forgotten\nProphets foresee the doom\nThey foresee the triumph of your death',22,39),(117,2,'South of Heaven','Slayer','Thrash Metal','An unforeseen future nestled somewhere in time\nUnsuspecting victims, no warnings, no signs\nJudgment day, the second coming arrives\nBefore you see the light, you must die\n\nForgotten children conform a new faith\nAvidity and lust, controlled by hate\nThe never ending search for your shattered sanity\nSouls of damnation in their own reality\n\nChaos rampant an age of distrust\nConfrontations, impulsive habitat\n\nBastard sons begat your cunting daughters\nPromiscuous mothers with your incestuous fathers\nIngrate souls condemned for all eternity\nObtained by moral observance, a domineering deity\n\nChaos rampant an age of distrust\nConfrontations, impulsive sabbath\n\nOn and on, south of Heaven\nOn and on, south of Heaven\nOn and on, south of Heaven\nOn and on, south of Heaven\n\nThe root of all evil is the heart of a black soul\nA force that has lived all eternity\nA never ending search for a truth never told\nThe loss of all hope and your dignity\n\nChaos rampant an age of distrust\nConfrontations, impulsive habitat\n\nOn and on, south of Heaven\nOn and on, south of Heaven\nOn and on, south of Heaven\nOn and on, south of Heaven',NULL,69),(124,2,'Looks That Kill','Mötley Crüe','Hard Rock','Now listen up\nShe\'s razor sharp\nIf she don\'t get her way\nShe\'ll slice you apart\nNow she\'s a cool, cool black\nShe moves like a cat\nIf you don\'t get her game\nWell, you might not make it back\n\nShe\'s got the looks that kill\nThat kill\nShe\'s got the looks that kill\nThat kill\nShe\'s got the look\nShe\'s got the looks that kill\nShe\'s got the looks that kill\n\nNow she\'s bulletproof\nShe keeps her motor clean\nAnd believe me, you\nShe\'s a number thirteen\nThe church strikes midnight\nShe\'s lookin\' louder and louder\nShe\'s gonna turn on the juice, boy\nThen she turns on the power\n\nShe\'s got the looks that kill\nThat kill\nShe\'s got the looks that kill\nThat kill\nShe\'s got the look\nShe\'s got the looks that kill\nShe\'s got the looks that kill\n\nShe\'s got the looks that kill\nShe\'s got the looks\n\nNow listen up\nShe\'s razor sharp\nIf she don\'t get her way\nShe\'ll slice you apart\nShe\'s a cool, cool black\nMoves like a cat\nIf you don\'t get her game\nYou might not make it back\n\nShe\'s got the looks that kill\nThat kill\nShe\'s got the looks that kill\nThat kill\nShe\'s got the look\nShe\'s got the looks that kill\nShe\'s got the looks that kill\n\nShe\'s got the looks that kill\nShe\'s got the looks that kill\nShe\'s got the looks that kill\nShe\'s got the looks that kill\nShe\'s got the looks that kill\nShe\'s got the looks that kill\nShe\'s got the looks that kill\nShe\'s got the looks that kill...',17,47),(125,2,'Shout at the Devil','Mötley Crüe','Hard Rock','Shout, shout, shout!\nShout, shout, shout!\nShout at the devil!\n\nHe\'s the wolf screaming lonely in the night\nHe\'s the blood stain on the stage\nHe\'s the tear in your eyes, been tempted by his lie\nHe\'s the knife in your back, he\'s rage\n\nWell, he\'s the razor to the knife, oh, lonely is our lives\nMy head\'s spinning \'round and \'round\nBut in the seasons of wither we\'ll stand and deliver\nBe strong and laugh and\n\nShout, shout, shout!\nShout at the devil!\nShout, shout, shout!\n\nHe\'ll be the love in your eyes, he\'ll be the blood between your thighs\nAnd then have you cry for more\nHe\'ll put strength to the test, he\'ll put the thrill back in bed\nI\'m sure you\'ve heard it all before\n\nHe\'ll be the risk in the kiss, might be anger on your lips\nMight run scared for the door\nBut in seasons of wither we\'ll stand and deliver\nBe strong and laugh and\n\nShout, shout, shout!\nShout at the devil!\nShout, shout, shout!\nShout at the devil!\n\nHe\'s a wolf screaming lonely in the night\nHe\'s the blood stain on the stage\nHe\'s the tear in your eye, been tempted by his lie\nHe\'s the knife in your back, he\'s rage\n\nHe\'s the razor to the knife, oh, lonely is our lives\nMy heads spinnin\' \'round and \'round\nBut in the seasons of wither we\'ll stand and deliver\nBe strong and laugh and\n\nShout, shout, shout!\nShout at the devil!\nShout, shout, shout!\nShout at the devil!\n\nShout, shout, shout!\nShout at the devil!\nShout, shout, shout!\nShout, shout, shout!\n\nShout, shout, shout!\nShout at the devil!\nShout, shout, shout!\nShout at the devil!\n\nShout, shout, shout!\nShout, shout, shout!\nShout, shout, shout!\nShout, shout, shout!\nShout, shout, shout!\nShout, shout...',17,48),(130,2,'Them Bones','Alice In Chains','Alternative','Ah! Ah! Ah! Ah!\n\nI believe them bones are me\nSome say we\'re born into the grave\nI feel so alone\nGonna end up a big ol\' pile of them bones\n\nAh! Ah! Ahh!\n\nDust rise right on over my time\nEmpty fossil of the new scene\nI feel so alone\nGonna end up a big ol\' pile of them bones\n\nToll due, bad dream come true\nI lie dead gone under red sky\n\nI feel so alone\nGonna end up a big ol\' pile of them\nI feel so alone\nGonna end up a big ol\' pile of them\nI feel so alone\nGonna end up a big ol\' pile of them bones',20,11),(131,2,'Dam That River','Alice In Chains','Alternative','I broke you in the canyon\nI drowned you in the lake\nYou, a snake that I would trample\nOnly thing I\'d not embrace\n\nOh, you couldn\'t dam that river\nAnd maybe I don\'t give a damn anyway\nSo you couldn\'t dam that river\nAnd it washed me so far away\n\nI pushed and then you stumbled\nI kicked you in the face\nYou stared at me so hollow\nGot to keep that killing pace\n\nOh, you couldn\'t dam that river\nAnd maybe I don\'t give a damn anyway\nSo you couldn\'t dam that river\nAnd it washed me so far away\n\nI burned the place around you\nI hit you with a rake\nYou piss upon my candle\nSo proving you\'re a fake\n\nOh, you couldn\'t dam that river\nAnd maybe I don\'t give a damn anyway\nSo you couldn\'t dam that river\nAnd it washed me so far away',16,58),(132,2,'Panama','Van Halen','Hard Rock','Ooh!\nOh, yeah!\nUh-huh!\n\nJump back, what\'s that sound?\nHere she comes, full blast and top down\nHot shoe, burnin\' down the avenue\nModel citizen, zero discipline\nDon\'t you know she\'s coming home with me?\nYou\'ll lose her in the turn\nI\'ll get her!\n\nPanama, Panama\nPanama, Panama\nAin\'t nothin\' like it, her shiny machine\nGot the feel for the wheel, keep the moving parts clean\nHot shoe, burnin\' down the avenue\nGot an on-ramp comin\' through my bedroom\nDon\'t you know she\'s coming home with me?\nYou\'ll lose her in the turn\nI\'ll get her!\n\nPanama, Panama\nPanama, Panama\n\nYeah, we\'re runnin\' a little bit hot tonight\n\nI can barely see the road from the heat comin\' off of it\nAh, you reach down, between my legs\nEase the seat back\nShe\'s blinding, I\'m flying\nRight behind the rear-view mirror now\nGot the feeling, power steering\nPistons popping, ain\'t no stopping now!\nPanama, Panama',20,10),(134,2,'Heaven and Hell','Black Sabbath','Metal','Sing me a song, you\'re a singer\nDo me a wrong, you\'re a bringer of evil\nThe Devil is never a maker\nThe less that you give, you\'re a taker\n\nSo, it\'s on and on and on\nIt\'s Heaven and Hell\nOh, well, yeah\n\nThe lover of life\'s not a sinner\nThe ending is just a beginnin\'\nThe closer you get to the meaning\nThe sooner you\'ll know that you\'re dreaming\n\nSo, it\'s on and on and on\nOh, it\'s on and on and on\nIt goes on and on and on\nHeaven and Hell, I can tell\nFool, fool\n\nWell, if it seems to be real, it\'s illusion\nFor every moment of truth, there\'s confusion in life\nLove can be seen as the answer\nBut nobody bleeds for the dancer\n\nAnd it\'s on and on, on and on and on\nAnd on and on and on and on and on...\n\nThey say that life\'s a carousel\nSpinning fast, you gotta ride it well\nThe world is full of Kings and Queens\nWho blind your eyes and steal your dreams\n\nIt\'s Heaven and Hell, oh well\nAnd they\'ll tell you black is really white\nThe moon is just the sun at night\nAnd when you walk in golden halls\nYou get to keep the gold that falls\n\nIt\'s Heaven and Hell, oh no\nFool, fool\nYou\'ve got to bleed for the dancer\nFool, fool\nLook for the answer\nFool, fool, fool',21,31),(136,2,'Hot for Teacher','Van Halen','Hard Rock','(Oh, wow, man, I said\nWait a second, man\nWhat do you think the teacher\'s gonna look like this year?\nPrimus man!)\n\nOh yeah, t-t-teacher stop that screamin\'\nTeacher don\'t you see? Don\'t wanna be no uptown fool\nMaybe I should go to hell but I am doing well\nTeacher needs to see me after school\n\nI think of all the education that I\'ve missed\nBut then my homework was never quite like this\n\nOw! Got it bad, got it bad, got it bad\nI\'m hot for teacher\nI\'ve got it bad, so bad\nI\'m hot for teacher\n\n(Hey, I heard you missed us, we\'re back!\nI brought my pencil\nGive me something to write on, baby!\nWhoa)\n\nOooohoooohoooh\nI heard about your lessons but lessons are so cold\nI didn\'t know about this school\nLittle girl from Cherry Lawn, how can you be so bold?\n\nHow did you know that golden rule?\nI think of all the education that I\'ve missed\n\nBut then my homework was never quite like this\nWhoa! Got it bad, got it bad, got it bad\nI\'m hot for teacher\nI\'ve got it bad, so bad\n\nI\'m hot for teacher, woh\n(Oh man, I think the clock is slow\nWhat are you doin\' this weekend?\nI don\'t feel tardy\nClass dismissed!)\nOoh, yeah\nI\'ve got it bad, got it bad, got it bad\nI\'m hot for teacher\n\nWhoa\nI\'ve got it bad, got it bad, got it bad\nI\'m hot for teacher\n\nWhoa\nOh! Yes I\'m hot\n\nWhoa\nOh! Yes I\'m hot\n\nWhoa!\nOh my God!\nWhoo!',15,50),(138,2,'Wasted Years (2015 Remaster)','Iron Maiden','Rock','From the coast of gold\nAcross the seven seas\nI\'m travelin\' on far and wide\nBut now it seems\nI\'m just a stranger to myself\nAnd all the things I sometimes do\nIt isn\'t me but someone else\n\nI close my eyes and think of home\nAnother city goes by in the night\nAin\'t it funny how it is?\nYou never miss it \'til it\'s gone away\nAnd my heart is lying there\nAnd will be \'til my dying day\n\nSo understand\nDon\'t waste your time always searching for those wasted years\nFace up, make your stand\nAnd realize you\'re living in the golden years\n\nToo much time on my hands\nI got you on my mind\nCan\'t ease this pain, so easily\nWhen you can\'t find the words to say\nIt\'s hard to make it through another day\nAnd it makes me wanna cry\nAnd throw my hands up to the sky\n\nSo understand\nDon\'t waste your time always searching for those wasted years\nFace up, make your stand\nAnd realize you\'re living in the golden years\n\nSo understand\nDon\'t waste your time always searching for those wasted years\nFace up, make your stand\nAnd realize you\'re living in the golden years\n\nSo understand\nDon\'t waste your time always searching for those wasted years\nFace up, make this stand\nAnd realize you\'re living in the golden years',17,43),(139,2,'The Four Horsemen','Metallica','Metal','By the last breath the fourth winds blow\nBetter raise your ears\nThe sound of hooves knock at your door\nLock up your wife and children now\nIt\'s time to wield the blade\nFor now you\'ve got some company\n\nThe Horsemen are drawing nearer\nOn leather steeds they ride\nThey\'ve come to take your life\nOn through the dead of night\nWith The Four Horsemen ride\nOr choose your fate and die\n\nOh, yeah yeah!\n\nYou have been dying since the day you were born\nYou know it\'s all been planned\nThe quartet of deliverance rides\nA sinner once, a sinner twice\nNo need for confessions now\n\n\'Cause now you\'ve got the fight of your life\nThe Horsemen are drawing nearer\nOn leather steeds they ride\nThey\'ve come to take your life\nOn through the dead of night\nWith The Four Horsemen ride\nOr choose your fate and die\n\nOh, yeah yeah!\n\nTime!\nHas taken its toll on you\nThe lines that crack your face\nFamine!\nYour body it has torn through\nWithered in every place\nPestilence!\nFor what you had to endure\nAnd what you have put others through\nDeath!\nDeliverance for you for sure\nNow there\'s nothing you can do\n\nSo gather \'round young warriors now\nAnd saddle up your steeds\nKilling scores with demon swords\nNow is the death of doers of wrong\nSwing the judgement hammer down\nSafely inside armor blood guts and sweat\n\nThe Horsemen are drawing nearer\nOn leather steeds they ride\nThey\'ve come to take your life\nOn through the dead of night\nWith The Four Horsemen ride\nOr choose your fate and die\n\nOh, yeah yeah!',20,16),(140,2,'Man In the Box (Live)','Alice In Chains','Hard Rock','I\'m the man in the box, buried in my shit\nWon\'t you come and save me, save me?\n\nFeed my eyes, can you sew them shut?\nJesus Christ, deny your maker\nHe who tries, will be wasted\nFeed my eyes, now you\'ve sewn them shut\n\nI\'m the dog who gets beat, shove my nose in shit\nWon\'t you come and save me, save me?\n\nFeed my eyes, can you sew them shut?\nJesus Christ, deny your maker\nHe who tries, will be wasted\nFeed my eyes, now you\'ve sewn them shut\n\nFeed my eyes, can you sew them shut?\nJesus Christ, deny your maker\nHe who tries, will be wasted\nFeed my eyes, now you\'ve sewn them shut',21,28),(141,2,'Fairies Wear Boots','Black Sabbath','Metal','Goin\' home late last night\nSuddenly, I got a fright\nYeah, I looked through a window and surprised what I saw\nFairy with boots are dancin\' with a dwarf, alright, now\n\nYeah, fairies wear boots and you gotta believe me\nYeah, I saw it, I saw it, I tell you no lies\nYeah, fairies wear boots and you gotta believe me\nI saw it, I saw it with my own two eyes, alright, now\n\nYeah, fairies wear boots and you gotta believe me\nYeah, I saw it, I saw it, I tell you no lies\nYeah, fairies wear boots and you gotta believe me\nI saw it, I saw it with my own two eyes, alright, now\n\nSo, I went to the doctor, see what he could give me\nHe said, \"Son, son, you\'ve gone too far\n\'Cause smokin\' and trippin\' is all that you do,\" yeah',15,52),(144,2,'Ain\'t Talkin\' \'Bout Love','Van Halen','Hard Rock','I heard the news, baby\nAll about your disease\nYeah, you may have all you want, baby\nBut I got somethin\' you need, oh yeah\n\nAin\'t talkin\' \'bout love\nMy love is rotten to the core\nAin\'t talkin\' \'bout love\nJust like I told you before\nYeah, before\n\nYou know you\'re semi-good lookin\'\nAnd on the streets again\nOh yeah, you think you\'re really cookin\', baby\nYou better find yourself a friend, my friend\n\nAin\'t talkin\' \'bout love\nMy love is rotten to the core\nAin\'t gonna talk about love\nJust like I told you before\nBefore, uh, before, uh, before, before\n\nAin\'t talkin\' \'bout love\nBabe, it\'s rotten to the core\nAin\'t talkin\' bout love\nJust like I told you before\nUh, before\n\nI\'ve been to the edge\nAnd then I stood and looked down\nYou know I lost a lot of friends there, baby\nI\'ve got no time to mess around\n\nMmm, so if you want it, got to bleed for it, baby\nYeah, got to, got to bleed, baby\nMmm, you got to, got to bleed, baby\nHey, got to, got to bleed, baby\n\nAin\'t talkin\' \'bout love\nMy love is rotten to the core\nAin\'t talkin\' \'bout love\nJust like I told you before, before, before\n\nAin\'t talkin\' \'bout love\nDon\'t wanna talk about love\nDon\'t need to talk about love\nAin\'t gonna talk about love\nNo more! No more! Ah!\n\nHey, hey, hey!\nHey, hey, hey!\nHey, hey, hey!\nHey, hey, hey!\nHey, hey, hey!\nHey, hey, hey!\nHey, hey, hey!\nHey, hey, hey!\nHey, hey, hey!',21,32);

/*!40101 SET SQL_MODE=@OLD_SQL_MODE */;
/*!40014 SET FOREIGN_KEY_CHECKS=@OLD_FOREIGN_KEY_CHECKS */;
/*!40014 SET UNIQUE_CHECKS=@OLD_UNIQUE_CHECKS */;
/*!40111 SET SQL_NOTES=@OLD_SQL_NOTES */;
